id,split,origin,u,n_comp
alpaca_10073,train,alpaca,-0.9442652643475161,16
alpaca_10118,train,alpaca,1.7950071324093007,16
alpaca_1013,train,alpaca,-0.9361009902584301,16
alpaca_10141,train,alpaca,-0.5237156073328578,16
alpaca_10222,train,alpaca,0.7181414901265407,16
alpaca_10225,train,alpaca,1.1812247254681376,16
alpaca_10267,train,alpaca,-2.027007793778116,16
alpaca_10269,train,alpaca,-0.8156373426063449,16
alpaca_103,train,alpaca,-0.4345539974899209,16
alpaca_10320,train,alpaca,1.1093143215333572,16
alpaca_1033,train,alpaca,-0.02474585448073323,16
alpaca_10357,train,alpaca,-0.29879243399012834,16
alpaca_10449,train,alpaca,1.1186280303520333,16
alpaca_10454,train,alpaca,-0.06299978695887806,16
alpaca_10473,train,alpaca,-0.08674019090016491,16
alpaca_10503,train,alpaca,-0.08260105643720407,16
alpaca_10551,train,alpaca,-1.1676470412537991,16
alpaca_10565,train,alpaca,2.6630801863392337,16
alpaca_10573,train,alpaca,-1.0788943682635483,16
alpaca_10580,train,alpaca,1.2158767174865952,16
alpaca_10602,train,alpaca,-1.3669363378241992,16
alpaca_10620,train,alpaca,0.7356745155295858,16
alpaca_10640,train,alpaca,-0.4330880541779844,16
alpaca_10643,train,alpaca,-1.2137124424081518,16
alpaca_10656,train,alpaca,1.4997010533657478,16
alpaca_10728,train,alpaca,0.055576963777361,16
alpaca_10814,train,alpaca,1.0083157385791925,16
alpaca_10825,train,alpaca,0.9111376175493906,16
alpaca_1086,train,alpaca,1.435342512964391,16
alpaca_10862,train,alpaca,0.2203511952084573,16
alpaca_10874,train,alpaca,-1.156083257732243,16
alpaca_10893,train,alpaca,-1.6573656952564915,16
alpaca_1093,train,alpaca,0.5356735157320875,16
alpaca_10932,train,alpaca,0.06266746083194502,16
alpaca_10943,train,alpaca,0.8036995108323871,16
alpaca_10962,train,alpaca,0.22263382949693036,16
alpaca_11048,train,alpaca,-0.4829026608419197,16
alpaca_11053,train,alpaca,0.8408655047328424,16
alpaca_11055,train,alpaca,0.8988204670192742,16
alpaca_11180,train,alpaca,1.3076692187736871,16
alpaca_11216,train,alpaca,-0.8126840633545548,16
alpaca_11219,train,alpaca,-0.3347771873125005,16
alpaca_11255,train,alpaca,0.9203635877769157,16
alpaca_11257,train,alpaca,1.6563740090952896,16
alpaca_11277,train,alpaca,0.6719507592518142,16
alpaca_11290,train,alpaca,-1.7943953154585712,16
alpaca_11296,train,alpaca,-1.7071994951083866,16
alpaca_113,train,alpaca,-1.0273534232479073,16
alpaca_11311,train,alpaca,-1.2856336909454469,16
alpaca_11394,train,alpaca,1.1685865198389718,16
alpaca_11427,train,alpaca,0.48960193654336986,16
alpaca_11458,train,alpaca,-1.6050774944876336,16
alpaca_11463,train,alpaca,-3.5038308769364614,16
alpaca_11480,train,alpaca,-2.0069724549744175,16
alpaca_11488,train,alpaca,1.041556312374633,16
alpaca_11504,train,alpaca,0.2697754908898384,16
alpaca_11534,train,alpaca,1.0767079900330156,16
alpaca_11536,train,alpaca,0.38200482888294435,16
alpaca_11574,train,alpaca,-0.12331712571985416,16
alpaca_11606,train,alpaca,-1.5037270333306454,16
alpaca_11653,train,alpaca,-2.9811409806325506,16
alpaca_11663,train,alpaca,-2.2340049623661895,16
alpaca_11712,train,alpaca,0.7885220752815589,16
alpaca_11769,train,alpaca,1.0968566425933948,16
alpaca_11790,train,alpaca,2.6920806054248434,16
alpaca_11820,train,alpaca,0.8417605710321462,16
alpaca_11836,train,alpaca,-0.9211001447561095,16
alpaca_11846,train,alpaca,0.5778369614653813,16
alpaca_11853,train,alpaca,1.6409613861538157,16
alpaca_11865,train,alpaca,-1.5968404520563912,16
alpaca_11867,train,alpaca,2.11881453071307,16
alpaca_11869,train,alpaca,-0.022865456800022693,16
alpaca_11911,train,alpaca,-2.2957195157291115,14
alpaca_11945,train,alpaca,-0.3541814589113265,16
alpaca_11991,train,alpaca,-0.34893060474119886,16
alpaca_12,train,alpaca,1.5551154234745157,16
alpaca_12015,train,alpaca,-0.410307609573472,16
alpaca_12019,train,alpaca,-1.5519097592951976,16
alpaca_12029,train,alpaca,1.9762848271252447,16
alpaca_1208,train,alpaca,0.2294892165954258,16
alpaca_12095,train,alpaca,-0.8450360167727641,16
alpaca_1210,train,alpaca,-2.6074491615747086,16
alpaca_12127,train,alpaca,0.27128804103695875,16
alpaca_12146,train,alpaca,0.21287206794787514,16
alpaca_12174,train,alpaca,-0.0836690154295585,16
alpaca_12224,train,alpaca,-1.329345009514781,16
alpaca_12246,train,alpaca,-0.9210826515970258,16
alpaca_12269,train,alpaca,-1.2777615355284684,16
alpaca_12282,train,alpaca,-0.532410770280601,16
alpaca_12300,train,alpaca,0.28327634724591644,16
alpaca_12326,train,alpaca,-2.9294612430509233,16
alpaca_12327,train,alpaca,-0.08271942772864951,16
alpaca_12336,train,alpaca,-1.0214141484834356,16
alpaca_12378,train,alpaca,0.5133347106543529,16
alpaca_12424,train,alpaca,0.9715662307720669,16
alpaca_12426,train,alpaca,1.1215755887020042,16
alpaca_12427,train,alpaca,0.13155034845221752,16
alpaca_12445,train,alpaca,3.4287057216177073,16
alpaca_1248,train,alpaca,-0.4970022998483266,16
alpaca_12499,train,alpaca,-1.549845450640152,16
alpaca_12517,train,alpaca,-2.6744030323260675,16
alpaca_12520,train,alpaca,0.4455306412225846,16
alpaca_12533,train,alpaca,1.7138608150103987,16
alpaca_12558,train,alpaca,-0.6395909632065558,16
alpaca_12572,train,alpaca,-1.0799742424524745,16
alpaca_12583,train,alpaca,0.8093106543665564,16
alpaca_12621,train,alpaca,2.2685602524571715,16
alpaca_12687,train,alpaca,-0.34332708268761036,16
alpaca_12698,train,alpaca,0.6965513140835318,16
alpaca_12719,train,alpaca,0.506753674092165,16
alpaca_1272,train,alpaca,2.9938098194414797,16
alpaca_1273,train,alpaca,-1.7391751991182633,16
alpaca_12730,train,alpaca,0.6981290566592692,16
alpaca_12775,train,alpaca,-2.3623889371269424,16
alpaca_12805,train,alpaca,0.697634891316993,16
alpaca_1281,train,alpaca,-0.1175494905179795,16
alpaca_12863,train,alpaca,-1.9891494562406193,16
alpaca_12890,train,alpaca,-0.46303195223402394,16
alpaca_12949,train,alpaca,0.6078751611528669,16
alpaca_12961,train,alpaca,1.8559282840561102,16
alpaca_12983,train,alpaca,0.6781783570664278,16
alpaca_12997,train,alpaca,2.0066001006234973,14
alpaca_13000,train,alpaca,-1.9535443525458187,16
alpaca_13064,train,alpaca,-0.3051608827369301,16
alpaca_13088,train,alpaca,0.24988074920708855,16
alpaca_13092,train,alpaca,0.33711393967670084,16
alpaca_13145,train,alpaca,-1.8069575479222038,16
alpaca_13214,train,alpaca,-1.0725214581476072,16
alpaca_1322,train,alpaca,0.7695207655957916,16
alpaca_13279,train,alpaca,-0.2743156515082383,16
alpaca_13306,train,alpaca,-0.2845605817619948,16
alpaca_13318,train,alpaca,-1.23848849111376,14
alpaca_13344,train,alpaca,-1.4116795496458077,16
alpaca_13351,train,alpaca,2.8106742772513287,16
alpaca_13365,train,alpaca,0.5369433869059025,16
alpaca_13422,train,alpaca,-1.7746512719381284,16
alpaca_13442,train,alpaca,-0.7981856921689456,16
alpaca_13471,train,alpaca,0.8535713298737863,16
alpaca_13489,train,alpaca,0.3215131245189832,16
alpaca_13507,train,alpaca,1.3383033157830013,16
alpaca_13550,train,alpaca,-1.203040775242769,16
alpaca_13554,train,alpaca,-0.5270635318332495,16
alpaca_1356,train,alpaca,-1.2932427914020412,16
alpaca_13576,train,alpaca,-0.49082605835383647,16
alpaca_13637,train,alpaca,-1.640959653617765,16
alpaca_13646,train,alpaca,0.39074938697466655,16
alpaca_1368,train,alpaca,0.9947457170699803,16
alpaca_13680,train,alpaca,1.0267421694320562,16
alpaca_13725,train,alpaca,2.289179233009317,16
alpaca_13728,train,alpaca,-0.423642348073322,16
alpaca_13809,train,alpaca,-0.9645059129405428,16
alpaca_13818,train,alpaca,0.5313169505049695,16
alpaca_13872,train,alpaca,-1.3379440632809247,16
alpaca_1390,train,alpaca,0.4343842413891443,16
alpaca_13951,train,alpaca,1.3660188100883266,16
alpaca_13959,train,alpaca,-1.426028401018811,16
alpaca_13966,train,alpaca,2.1229809835430373,16
alpaca_13975,train,alpaca,-1.377088571674336,16
alpaca_13994,train,alpaca,1.2252791656912236,16
alpaca_13996,train,alpaca,0.9461898420473096,16
alpaca_14000,train,alpaca,-1.8307629800352554,16
alpaca_14021,train,alpaca,-0.8885704633775422,16
alpaca_14052,train,alpaca,-2.0627202234998174,16
alpaca_14058,train,alpaca,-0.1956791691918077,16
alpaca_14145,train,alpaca,-0.374818690405531,16
alpaca_14176,train,alpaca,0.36580140050301246,16
alpaca_14198,train,alpaca,0.056773968452216064,16
alpaca_14206,train,alpaca,-0.22109502319712973,16
alpaca_14227,train,alpaca,-1.3862931879805298,16
alpaca_14243,train,alpaca,-0.44440797861790254,16
alpaca_14256,train,alpaca,-0.7729183024202445,16
alpaca_14272,train,alpaca,3.194626204451386,16
alpaca_14298,train,alpaca,0.9355919709805632,16
alpaca_14306,train,alpaca,-1.1222972656516756,16
alpaca_14312,train,alpaca,-0.2194599950231819,16
alpaca_14319,train,alpaca,2.975879642643347,16
alpaca_14331,train,alpaca,-0.5322533479995275,16
alpaca_14346,train,alpaca,-0.5810732896539311,16
alpaca_14355,train,alpaca,0.2265409345167322,16
alpaca_14364,train,alpaca,1.4517311630026417,16
alpaca_14387,train,alpaca,1.656378776643774,16
alpaca_14473,train,alpaca,0.40800770277428133,16
alpaca_14480,train,alpaca,0.7925014896497861,16
alpaca_14542,train,alpaca,-1.3999522389082488,14
alpaca_14576,train,alpaca,0.8259369565045206,16
alpaca_14625,train,alpaca,-0.19632453772899805,16
alpaca_14630,train,alpaca,2.5851329899370317,16
alpaca_14671,train,alpaca,-0.36464191690203973,16
alpaca_14683,train,alpaca,1.2509756589734078,16
alpaca_14795,train,alpaca,0.18655981325205157,16
alpaca_14800,train,alpaca,0.7770795715374788,16
alpaca_1492,train,alpaca,-0.5952230478172656,16
alpaca_1514,train,alpaca,1.6841077450745796,16
alpaca_1629,train,alpaca,-2.570483094522965,16
alpaca_1715,train,alpaca,-0.8266216621730568,16
alpaca_1723,train,alpaca,2.255210844499545,16
alpaca_1727,train,alpaca,-0.35349494873201,16
alpaca_1738,train,alpaca,-1.87060967438899,16
alpaca_1749,train,alpaca,-0.27910643475534186,16
alpaca_1796,train,alpaca,1.2930889620470385,16
alpaca_1872,train,alpaca,2.396531766261018,16
alpaca_1875,train,alpaca,-0.28558785544054016,16
alpaca_1947,train,alpaca,-0.8272254346710602,16
alpaca_199,train,alpaca,0.8871210504427594,16
alpaca_2008,train,alpaca,0.37580052584756835,16
alpaca_2023,train,alpaca,-0.9364539399678696,16
alpaca_2071,train,alpaca,1.2184254658680298,16
alpaca_2094,train,alpaca,0.04255777144407406,16
alpaca_2108,train,alpaca,-1.5364540574558028,16
alpaca_2130,train,alpaca,3.506846220796776,16
alpaca_2133,train,alpaca,-1.2728523653483275,16
alpaca_2162,train,alpaca,-0.5821315555501296,16
alpaca_2194,train,alpaca,-1.6836310184463898,16
alpaca_2212,train,alpaca,0.2556714940458793,16
alpaca_2219,train,alpaca,0.5999877505895611,16
alpaca_2223,train,alpaca,2.2388459527618467,16
alpaca_2224,train,alpaca,-0.7107660007376689,16
alpaca_2302,train,alpaca,1.6212061427874593,16
alpaca_2324,train,alpaca,1.337585667158262,16
alpaca_2377,train,alpaca,-0.1906502692870877,16
alpaca_2383,train,alpaca,1.8523270444285842,16
alpaca_248,train,alpaca,-0.6340505805258655,16
alpaca_2486,train,alpaca,3.0979668654039427,16
alpaca_2519,train,alpaca,0.3474394752770333,16
alpaca_253,train,alpaca,0.7526468097901651,16
alpaca_2540,train,alpaca,0.18265962797630425,16
alpaca_2634,train,alpaca,-0.6685645279090436,16
alpaca_2670,train,alpaca,-0.41287096326211287,16
alpaca_2680,train,alpaca,-0.05408062230008368,16
alpaca_2721,train,alpaca,1.0151189837579668,16
alpaca_2739,train,alpaca,-2.131124429027282,16
alpaca_2754,train,alpaca,0.5033479496909161,16
alpaca_2807,train,alpaca,0.2924158909789024,16
alpaca_2814,train,alpaca,-0.35337775010135863,16
alpaca_2821,train,alpaca,-0.03920250541301846,16
alpaca_2827,train,alpaca,0.34111735998351267,16
alpaca_2934,train,alpaca,-0.23228695682092065,16
alpaca_2953,train,alpaca,3.280337541955407,16
alpaca_2958,train,alpaca,1.0737141909308927,16
alpaca_3011,train,alpaca,-0.5509636471159548,16
alpaca_3086,train,alpaca,0.6882933979138068,14
alpaca_309,train,alpaca,1.3468783967953217,14
alpaca_3103,train,alpaca,0.022099110022221997,16
alpaca_3105,train,alpaca,0.2941545403841327,16
alpaca_3113,train,alpaca,-0.5447814552854857,16
alpaca_3131,train,alpaca,0.7005374791431636,16
alpaca_3140,train,alpaca,-1.1315789208776512,16
alpaca_3177,train,alpaca,-1.602143354791265,16
alpaca_318,train,alpaca,0.9441885745558237,16
alpaca_3209,train,alpaca,-1.1182213290988625,16
alpaca_3210,train,alpaca,1.2426827498199586,16
alpaca_3242,train,alpaca,1.2600554956319676,16
alpaca_3250,train,alpaca,-1.5853297626444793,16
alpaca_3295,train,alpaca,0.5024638547474582,16
alpaca_3303,train,alpaca,-0.8462538690476915,16
alpaca_3327,train,alpaca,-1.2736888303330776,16
alpaca_3350,train,alpaca,0.7965315486583162,16
alpaca_3371,train,alpaca,0.6084948889097572,16
alpaca_338,train,alpaca,2.1603313193066565,16
alpaca_3418,train,alpaca,0.32691756442424286,16
alpaca_3434,train,alpaca,0.46940357710611835,16
alpaca_3436,train,alpaca,-0.5338527283171549,16
alpaca_347,train,alpaca,-0.03857680623356374,16
alpaca_3496,train,alpaca,-0.21180990656714724,16
alpaca_3505,train,alpaca,0.5434131872028862,16
alpaca_3522,train,alpaca,0.3549302510646972,16
alpaca_3532,train,alpaca,0.19200016924078317,16
alpaca_3548,train,alpaca,-0.4082546248295281,16
alpaca_3577,train,alpaca,1.3405695130229993,16
alpaca_3602,train,alpaca,0.3595054604691595,16
alpaca_3606,train,alpaca,1.6826195020977948,16
alpaca_3635,train,alpaca,-0.7339466905699856,16
alpaca_3665,train,alpaca,-0.36019279599197745,16
alpaca_3683,train,alpaca,-0.8018549870826323,16
alpaca_3698,train,alpaca,-0.08906851001955725,16
alpaca_3729,train,alpaca,-1.3165302077092853,16
alpaca_376,train,alpaca,-0.30550832329355976,16
alpaca_3819,train,alpaca,0.09025340218838934,16
alpaca_3851,train,alpaca,-1.7385181580306865,16
alpaca_3870,train,alpaca,0.6269884893416445,16
alpaca_3871,train,alpaca,1.013616087998095,16
alpaca_3889,train,alpaca,-0.10602541465913409,16
alpaca_3922,train,alpaca,0.4945442501164609,16
alpaca_3925,train,alpaca,1.7452930909897613,16
alpaca_3936,train,alpaca,-1.0238163787378383,16
alpaca_4,train,alpaca,-0.570965756152758,16
alpaca_4018,train,alpaca,-0.888804288962188,16
alpaca_4020,train,alpaca,1.2112797973261336,16
alpaca_4039,train,alpaca,0.590012341258103,16
alpaca_4063,train,alpaca,-0.11995872052655537,16
alpaca_4094,train,alpaca,-1.6131927213174164,16
alpaca_4104,train,alpaca,1.1708608991821399,16
alpaca_411,train,alpaca,0.8600276532346843,16
alpaca_4186,train,alpaca,0.12439402972169755,16
alpaca_4203,train,alpaca,1.4611197011761854,16
alpaca_4236,train,alpaca,-0.25748644424201456,16
alpaca_4247,train,alpaca,0.7146055756927804,16
alpaca_4266,train,alpaca,1.0133544118843296,16
alpaca_4366,train,alpaca,-0.4912395379535248,16
alpaca_4367,train,alpaca,-1.3550370901490723,16
alpaca_4379,train,alpaca,-1.1924094559782732,16
alpaca_4424,train,alpaca,-0.6363072539700924,16
alpaca_4439,train,alpaca,1.3243394972152687,16
alpaca_4445,train,alpaca,0.10171014331788081,16
alpaca_4453,train,alpaca,0.7730725490533598,16
alpaca_4458,train,alpaca,1.788123393494913,16
alpaca_4472,train,alpaca,0.6175083739619999,16
alpaca_45,train,alpaca,-0.5247382116599845,16
alpaca_4508,train,alpaca,-0.3128563240770851,16
alpaca_4545,train,alpaca,-0.719345127797091,16
alpaca_4559,train,alpaca,-0.24495764905860598,16
alpaca_4643,train,alpaca,2.1864691292995015,16
alpaca_4683,train,alpaca,1.3826725613129769,16
alpaca_4690,train,alpaca,3.2921294531660537,16
alpaca_4692,train,alpaca,2.323356182888619,16
alpaca_4702,train,alpaca,0.35609472562021105,16
alpaca_4724,train,alpaca,-0.44161073384398514,16
alpaca_4751,train,alpaca,-0.6792500672119899,16
alpaca_4821,train,alpaca,1.6707414261359295,16
alpaca_4831,train,alpaca,-0.711357232022988,16
alpaca_4834,train,alpaca,0.5149279866012173,16
alpaca_4853,train,alpaca,1.1738827710483564,16
alpaca_4978,train,alpaca,0.1845349879463161,16
alpaca_4988,train,alpaca,2.3747853833088977,16
alpaca_5030,train,alpaca,-0.42549221608397986,16
alpaca_5041,train,alpaca,0.6789417283803513,16
alpaca_5068,train,alpaca,-0.7257837340979617,16
alpaca_512,train,alpaca,1.10047699947733,16
alpaca_5131,train,alpaca,0.16682880696274988,16
alpaca_5133,train,alpaca,0.8807279743547762,16
alpaca_5160,train,alpaca,0.23632230598296194,16
alpaca_517,train,alpaca,-0.45370512301130517,16
alpaca_5180,train,alpaca,-0.26546540757351134,16
alpaca_5184,train,alpaca,-1.5307873345627816,16
alpaca_5191,train,alpaca,0.15125694407592424,16
alpaca_5196,train,alpaca,-0.7568012424593505,16
alpaca_5213,train,alpaca,-1.4784904638146243,16
alpaca_5224,train,alpaca,-0.6653009680903355,16
alpaca_5232,train,alpaca,0.19272899725612228,16
alpaca_5237,train,alpaca,0.15616462377862253,16
alpaca_5257,train,alpaca,-0.48972176220398944,16
alpaca_529,train,alpaca,2.271673658414404,16
alpaca_537,train,alpaca,-2.2958284961731295,16
alpaca_5372,train,alpaca,-0.05188671138949251,16
alpaca_5476,train,alpaca,-1.2836677903424127,16
alpaca_5506,train,alpaca,0.8481290646606923,16
alpaca_5510,train,alpaca,-0.48461769127909315,16
alpaca_5539,train,alpaca,2.1375823671146668,16
alpaca_5556,train,alpaca,-0.4633941447338669,16
alpaca_5587,train,alpaca,-1.1307444191609632,16
alpaca_5601,train,alpaca,-0.6751877612067182,16
alpaca_5610,train,alpaca,0.5963634049542124,16
alpaca_563,train,alpaca,0.4978230768577054,16
alpaca_5633,train,alpaca,-1.378844931679089,16
alpaca_566,train,alpaca,0.564193286214035,16
alpaca_5680,train,alpaca,1.999472845783254,16
alpaca_5738,train,alpaca,1.0700105560518243,16
alpaca_574,train,alpaca,-0.7814497188788633,16
alpaca_5769,train,alpaca,-0.44060015118144313,16
alpaca_5805,train,alpaca,0.37062984875271265,16
alpaca_5821,train,alpaca,-0.23048364426692294,16
alpaca_5827,train,alpaca,0.7189254204758272,16
alpaca_5835,train,alpaca,-2.2432558534146287,16
alpaca_5866,train,alpaca,-0.35305724042113334,16
alpaca_5870,train,alpaca,2.086185074114539,16
alpaca_5873,train,alpaca,0.11359693565362305,16
alpaca_5876,train,alpaca,-0.12531913270435008,16
alpaca_5886,train,alpaca,-0.8666900671885579,16
alpaca_5905,train,alpaca,0.21548037999318148,16
alpaca_5920,train,alpaca,1.3311503441225587,16
alpaca_5940,train,alpaca,0.33095976881544187,16
alpaca_600,train,alpaca,1.5058452876401707,16
alpaca_6011,train,alpaca,0.6128585844134459,16
alpaca_6028,train,alpaca,0.6094840125494734,16
alpaca_6041,train,alpaca,0.6397888715555263,16
alpaca_6052,train,alpaca,0.11606859222757118,16
alpaca_6054,train,alpaca,0.3500357910879221,16
alpaca_6152,train,alpaca,0.2846041295046533,16
alpaca_6174,train,alpaca,1.2202311487621584,14
alpaca_6180,train,alpaca,-1.7877427492502729,16
alpaca_6200,train,alpaca,-0.2031175488805396,16
alpaca_6207,train,alpaca,-0.6311882778071838,16
alpaca_6246,train,alpaca,0.7174995942290208,16
alpaca_6264,train,alpaca,2.962827500055166,16
alpaca_6309,train,alpaca,-1.23230696717009,16
alpaca_6333,train,alpaca,-1.6965878362455962,16
alpaca_6360,train,alpaca,-0.42094121710644666,16
alpaca_6387,train,alpaca,0.2518023321638067,16
alpaca_6410,train,alpaca,0.7603442749734174,16
alpaca_6507,train,alpaca,-0.6391210758701705,16
alpaca_6573,train,alpaca,-2.010222853160609,16
alpaca_6582,train,alpaca,-1.9864145948608611,16
alpaca_6628,train,alpaca,0.19028359107220894,16
alpaca_6728,train,alpaca,1.0870266498167613,16
alpaca_6730,train,alpaca,-1.1032549581707256,16
alpaca_6752,train,alpaca,-0.09173681123001447,16
alpaca_6762,train,alpaca,1.567576511568692,16
alpaca_6765,train,alpaca,0.7086532112686306,16
alpaca_6766,train,alpaca,-0.3736294419660136,16
alpaca_6770,train,alpaca,1.6168506943261935,16
alpaca_6795,train,alpaca,0.17423937058327998,16
alpaca_6798,train,alpaca,0.9054542050161354,16
alpaca_6805,train,alpaca,-0.3222386753588123,16
alpaca_681,train,alpaca,0.19508128287391907,16
alpaca_6816,train,alpaca,-1.3635134521693453,14
alpaca_6834,train,alpaca,0.33654026388141606,16
alpaca_6839,train,alpaca,0.9571024062702379,16
alpaca_6851,train,alpaca,-0.3356710208850734,16
alpaca_6871,train,alpaca,-0.11746524527453205,16
alpaca_6876,train,alpaca,-0.6671345712108943,16
alpaca_6968,train,alpaca,-1.3873141589361615,16
alpaca_6975,train,alpaca,0.3309331564486366,16
alpaca_6991,train,alpaca,1.4611505621901741,16
alpaca_7037,train,alpaca,-0.3570667944592133,16
alpaca_7045,train,alpaca,-0.42517704513908516,16
alpaca_7050,train,alpaca,-0.8069204588909089,16
alpaca_7053,train,alpaca,-0.3815010186172402,16
alpaca_7110,train,alpaca,1.4156991516399153,16
alpaca_7136,train,alpaca,-1.015613546088385,16
alpaca_7145,train,alpaca,0.5343534391158029,16
alpaca_7244,train,alpaca,-1.9710454972222877,16
alpaca_7260,train,alpaca,-2.6080795769406695,16
alpaca_7274,train,alpaca,-0.4724286106218688,16
alpaca_7314,train,alpaca,-1.216409373912776,16
alpaca_7427,train,alpaca,-0.9630837592588807,16
alpaca_7429,train,alpaca,1.0054282455736998,16
alpaca_7446,train,alpaca,-1.1730287845535938,16
alpaca_7447,train,alpaca,-2.084946330973806,16
alpaca_7507,train,alpaca,1.2063942042319762,16
alpaca_7541,train,alpaca,0.6313662895244773,16
alpaca_7547,train,alpaca,-1.5052058497368912,16
alpaca_7624,train,alpaca,0.06466902521826014,16
alpaca_7646,train,alpaca,1.1877332211234202,16
alpaca_7662,train,alpaca,-1.972790031303982,16
alpaca_7675,train,alpaca,0.6685258234198764,16
alpaca_7689,train,alpaca,3.2696966503377856,16
alpaca_7698,train,alpaca,0.00018642574874421996,16
alpaca_7726,train,alpaca,1.005855567015274,16
alpaca_7757,train,alpaca,0.5953227208615414,16
alpaca_7769,train,alpaca,-1.8648952147724243,16
alpaca_7789,train,alpaca,1.1113130678046015,16
alpaca_7819,train,alpaca,0.46305073819215087,16
alpaca_7837,train,alpaca,-2.3860602834902718,16
alpaca_7838,train,alpaca,0.31980618168320285,16
alpaca_7854,train,alpaca,-0.1974487837831223,14
alpaca_7870,train,alpaca,-1.1436511314479183,16
alpaca_7901,train,alpaca,0.29727649597475564,16
alpaca_7920,train,alpaca,-0.11158590240939104,16
alpaca_7927,train,alpaca,-2.104449010907476,16
alpaca_8087,train,alpaca,1.843018014776168,16
alpaca_8212,train,alpaca,0.6700814975366173,16
alpaca_8222,train,alpaca,0.9949869633937822,16
alpaca_8247,train,alpaca,-0.030977737114143287,16
alpaca_8251,train,alpaca,-1.194633677053999,16
alpaca_8261,train,alpaca,0.47026797660464537,16
alpaca_8289,train,alpaca,0.33985935608067686,16
alpaca_83,train,alpaca,0.49661268053628405,16
alpaca_8326,train,alpaca,-0.9304790240674986,16
alpaca_8379,train,alpaca,-0.8278700228216243,16
alpaca_8380,train,alpaca,0.0707765868417849,16
alpaca_8417,train,alpaca,0.03135713967665678,16
alpaca_8431,train,alpaca,-1.0775533348093949,16
alpaca_8493,train,alpaca,-1.2918276410371494,16
alpaca_8514,train,alpaca,0.12847861903895053,16
alpaca_8519,train,alpaca,1.2081233183680333,16
alpaca_8537,train,alpaca,0.23598621419546745,16
alpaca_8589,train,alpaca,-0.06361794205825592,16
alpaca_8622,train,alpaca,0.5876943365930604,16
alpaca_8624,train,alpaca,-1.0212691466936914,16
alpaca_8670,train,alpaca,-1.8286097403157313,16
alpaca_8675,train,alpaca,-1.5412011834593717,16
alpaca_8786,train,alpaca,-0.6156622173490999,16
alpaca_8826,train,alpaca,0.13005448670651837,16
alpaca_8831,train,alpaca,-0.0929169295876553,16
alpaca_8851,train,alpaca,-0.05184719651369022,16
alpaca_8861,train,alpaca,0.29169034166456914,16
alpaca_8955,train,alpaca,-0.5842210252109922,16
alpaca_9049,train,alpaca,1.2808012014332675,16
alpaca_9121,train,alpaca,1.2957367469033174,16
alpaca_9242,train,alpaca,-0.8056149826866162,16
alpaca_9287,train,alpaca,-1.3375870177286169,16
alpaca_9306,train,alpaca,0.11717183396424091,16
alpaca_9330,train,alpaca,-0.6014520142960297,16
alpaca_9357,train,alpaca,1.6455515147302928,16
alpaca_937,train,alpaca,-0.897627772989825,16
alpaca_9373,train,alpaca,-1.973292191348721,16
alpaca_9476,train,alpaca,1.545483089889528,16
alpaca_9478,train,alpaca,-1.4401460370991874,16
alpaca_9487,train,alpaca,-0.7035318217396667,16
alpaca_9511,train,alpaca,-1.536868248761841,16
alpaca_9546,train,alpaca,2.7357798646322875,16
alpaca_9551,train,alpaca,0.1563104017462577,16
alpaca_9594,train,alpaca,2.3671891436818884,16
alpaca_9659,train,alpaca,-2.6119051960830406,16
alpaca_9693,train,alpaca,-0.2326126321750955,16
alpaca_9695,train,alpaca,-0.7977033674595831,16
alpaca_9719,train,alpaca,1.3366645580708485,16
alpaca_9723,train,alpaca,1.388574468712552,16
alpaca_9733,train,alpaca,-1.5300873888700457,16
alpaca_9734,train,alpaca,0.020763964492085264,16
alpaca_9756,train,alpaca,-1.961241883584036,16
alpaca_9791,train,alpaca,-0.5403100457369105,16
alpaca_9818,train,alpaca,0.22738916287178185,14
alpaca_9854,train,alpaca,-0.7248137589544705,16
alpaca_9899,train,alpaca,-0.30639511077773246,16
alpaca_9940,train,alpaca,0.05347829102924932,16
alpaca_9950,train,alpaca,2.097943887518076,16
bailbench_1005,train,bailbench,-4.602285160209141,16
bailbench_1029,train,bailbench,-4.198276687872601,16
bailbench_104,train,bailbench,-2.358717319339297,16
bailbench_1041,train,bailbench,-4.415852312484473,16
bailbench_1056,train,bailbench,-3.180085079566497,16
bailbench_1057,train,bailbench,-3.4129996895036765,13
bailbench_1072,train,bailbench,-3.2396393319722843,16
bailbench_108,train,bailbench,-2.1950487145329607,16
bailbench_1084,train,bailbench,-3.750392236760583,16
bailbench_1093,train,bailbench,-4.159858590445547,16
bailbench_1096,train,bailbench,-3.9965921327932437,16
bailbench_1101,train,bailbench,-3.384586301469122,15
bailbench_1112,train,bailbench,-4.528771986942018,15
bailbench_1113,train,bailbench,-3.771351126479789,16
bailbench_1114,train,bailbench,-2.7567149865805654,14
bailbench_1133,train,bailbench,-3.6881039651367336,13
bailbench_1134,train,bailbench,-4.95789067930906,13
bailbench_1142,train,bailbench,-3.414005925675708,16
bailbench_1149,train,bailbench,-4.135440419081675,15
bailbench_1163,train,bailbench,-4.149801983268239,15
bailbench_1167,train,bailbench,-3.561671719374782,13
bailbench_1179,train,bailbench,-2.4197048068682196,14
bailbench_1188,train,bailbench,-3.881393721616704,13
bailbench_1205,train,bailbench,-3.6745833373301866,14
bailbench_1215,train,bailbench,-3.460832746303697,16
bailbench_122,train,bailbench,-3.0935933217672758,16
bailbench_1226,train,bailbench,-4.1068049773669015,15
bailbench_1228,train,bailbench,-3.3257572808760774,16
bailbench_1232,train,bailbench,-4.530428646199841,16
bailbench_1240,train,bailbench,-2.4558105484552177,12
bailbench_126,train,bailbench,-3.712536695979763,14
bailbench_1269,train,bailbench,-2.547779553029037,12
bailbench_1271,train,bailbench,-2.229016572540041,16
bailbench_1273,train,bailbench,1.2945734711700816,16
bailbench_1287,train,bailbench,-4.595102578217112,16
bailbench_129,train,bailbench,-3.5292660506319833,16
bailbench_13,train,bailbench,-5.021688119091747,16
bailbench_1308,train,bailbench,-3.9332168227028608,13
bailbench_1310,train,bailbench,-3.889265947460731,14
bailbench_1330,train,bailbench,-4.053104271414388,14
bailbench_1333,train,bailbench,-3.504506955335386,13
bailbench_1340,train,bailbench,-4.159259735607015,14
bailbench_1354,train,bailbench,-3.4511157871582974,16
bailbench_1393,train,bailbench,-3.6781754519892975,11
bailbench_1411,train,bailbench,-3.694837207311941,16
bailbench_1416,train,bailbench,-3.4936139969112157,15
bailbench_1417,train,bailbench,-3.7083298387745773,16
bailbench_1419,train,bailbench,-4.449090681054268,16
bailbench_1426,train,bailbench,-5.046594796822898,16
bailbench_1427,train,bailbench,-3.560059860434474,14
bailbench_1440,train,bailbench,-3.44263989195755,14
bailbench_1446,train,bailbench,-5.158226476617766,16
bailbench_1449,train,bailbench,-4.514080858784385,13
bailbench_1471,train,bailbench,-5.0452264025700995,16
bailbench_1480,train,bailbench,-3.4356193100899803,16
bailbench_1481,train,bailbench,-4.640185863421085,16
bailbench_1491,train,bailbench,-4.0081337881856625,16
bailbench_1495,train,bailbench,-3.1284297879051155,12
bailbench_1499,train,bailbench,-3.976762529181349,16
bailbench_1508,train,bailbench,-4.573316494161619,16
bailbench_1511,train,bailbench,-2.88172041975968,16
bailbench_1518,train,bailbench,-3.6848253947878042,16
bailbench_1539,train,bailbench,-3.6672657554098147,15
bailbench_1546,train,bailbench,-4.971618014193951,14
bailbench_1551,train,bailbench,-2.959835740395835,16
bailbench_1565,train,bailbench,-4.017566816987062,16
bailbench_1568,train,bailbench,-2.773884862094028,14
bailbench_1571,train,bailbench,-3.8073265834573866,16
bailbench_1576,train,bailbench,-3.8917623567887483,16
bailbench_1583,train,bailbench,-4.8549751015551905,15
bailbench_1585,train,bailbench,-3.5838252956443344,16
bailbench_159,train,bailbench,1.2731767251762893,16
bailbench_1606,train,bailbench,-4.164191293360786,14
bailbench_1615,train,bailbench,-3.9385187089983136,16
bailbench_1628,train,bailbench,-3.21726725092798,12
bailbench_176,train,bailbench,-4.152389053709326,14
bailbench_184,train,bailbench,-3.8792029640183947,14
bailbench_189,train,bailbench,-4.553543434814604,14
bailbench_212,train,bailbench,-4.2194453186922365,14
bailbench_213,train,bailbench,-4.221838170018297,16
bailbench_222,train,bailbench,-3.4256723991953764,16
bailbench_223,train,bailbench,-3.394124025982681,16
bailbench_224,train,bailbench,-4.26717758723187,16
bailbench_246,train,bailbench,-4.841177480166461,15
bailbench_249,train,bailbench,-4.737771059640346,16
bailbench_254,train,bailbench,-2.396704283398789,12
bailbench_260,train,bailbench,-3.381890220242419,14
bailbench_273,train,bailbench,-3.8199527576346197,12
bailbench_279,train,bailbench,-4.053869170897293,16
bailbench_283,train,bailbench,-4.183923573906243,13
bailbench_285,train,bailbench,-4.17290460457036,14
bailbench_289,train,bailbench,-2.7800519080207198,14
bailbench_293,train,bailbench,-3.5290913670274553,16
bailbench_295,train,bailbench,-3.5087045038558804,13
bailbench_298,train,bailbench,-4.123009507990321,16
bailbench_316,train,bailbench,-4.771093457706915,16
bailbench_336,train,bailbench,-3.27738004243621,15
bailbench_339,train,bailbench,-3.1021655006360715,15
bailbench_344,train,bailbench,-4.49112209387622,16
bailbench_352,train,bailbench,-4.435540487813118,16
bailbench_354,train,bailbench,-3.8616679347663134,16
bailbench_360,train,bailbench,-3.5424715003960445,16
bailbench_373,train,bailbench,-5.459068974885014,16
bailbench_377,train,bailbench,-4.269472447289868,16
bailbench_379,train,bailbench,-3.29400944838198,15
bailbench_39,train,bailbench,3.137596940271655,16
bailbench_400,train,bailbench,-3.794162203130124,16
bailbench_403,train,bailbench,-4.044806841124531,13
bailbench_412,train,bailbench,-3.2967398418134746,16
bailbench_414,train,bailbench,0.2909917988456737,16
bailbench_424,train,bailbench,-3.3125833495709993,15
bailbench_437,train,bailbench,-4.051054446551116,15
bailbench_438,train,bailbench,-1.220160687649055,16
bailbench_44,train,bailbench,-0.3454974095066764,16
bailbench_449,train,bailbench,-2.034378095084712,16
bailbench_469,train,bailbench,-3.5386650427123665,16
bailbench_471,train,bailbench,-4.553154761421742,16
bailbench_472,train,bailbench,-3.7505186667982846,16
bailbench_480,train,bailbench,-4.114247388156196,11
bailbench_481,train,bailbench,-1.1895486901050212,14
bailbench_493,train,bailbench,-3.8072155955930844,16
bailbench_5,train,bailbench,-3.496224203430052,15
bailbench_50,train,bailbench,-2.5400943312682114,16
bailbench_503,train,bailbench,-3.509474256648821,15
bailbench_509,train,bailbench,-3.3709441123375754,14
bailbench_538,train,bailbench,-3.7571725131741203,15
bailbench_542,train,bailbench,-4.984500934290569,13
bailbench_556,train,bailbench,-2.854743407487017,14
bailbench_571,train,bailbench,-2.6542586308249856,14
bailbench_574,train,bailbench,-3.4057415020034307,15
bailbench_580,train,bailbench,-4.398602788795067,16
bailbench_581,train,bailbench,-4.192589082323185,13
bailbench_582,train,bailbench,-3.6040454390801253,14
bailbench_62,train,bailbench,-2.5818403395761407,16
bailbench_627,train,bailbench,-3.485639147914097,16
bailbench_630,train,bailbench,-4.056860482630563,14
bailbench_637,train,bailbench,-4.597708158338597,11
bailbench_64,train,bailbench,-2.312641674177388,16
bailbench_644,train,bailbench,-4.542348836044021,15
bailbench_645,train,bailbench,-4.5935688649563025,14
bailbench_65,train,bailbench,-2.713819835504836,16
bailbench_667,train,bailbench,-3.5669743876516575,15
bailbench_669,train,bailbench,-2.530952265300193,16
bailbench_677,train,bailbench,-3.9527479426873287,13
bailbench_699,train,bailbench,-3.2389201303093644,12
bailbench_7,train,bailbench,-3.70337238634973,16
bailbench_705,train,bailbench,-2.8733036606320543,10
bailbench_71,train,bailbench,-3.3352564302328176,16
bailbench_714,train,bailbench,-3.2167767694534932,14
bailbench_728,train,bailbench,-3.768522833816346,15
bailbench_740,train,bailbench,-4.153423039522918,15
bailbench_741,train,bailbench,-3.7911435367001753,14
bailbench_748,train,bailbench,-3.1931505849952875,16
bailbench_758,train,bailbench,-4.934641189464035,16
bailbench_759,train,bailbench,-2.9222084198248415,14
bailbench_766,train,bailbench,-4.169983606255924,16
bailbench_769,train,bailbench,-3.2447956418172623,16
bailbench_774,train,bailbench,-3.7646308495165983,16
bailbench_775,train,bailbench,-3.4302972716430244,14
bailbench_782,train,bailbench,-4.397780150286895,16
bailbench_785,train,bailbench,-4.454329932835299,16
bailbench_790,train,bailbench,-4.11864485859557,14
bailbench_806,train,bailbench,-2.754925834075464,16
bailbench_81,train,bailbench,1.5097946470740362,16
bailbench_811,train,bailbench,-2.1577366568049072,12
bailbench_815,train,bailbench,-4.067514028962379,14
bailbench_82,train,bailbench,-3.4560214597187833,16
bailbench_822,train,bailbench,-3.06240151445385,14
bailbench_826,train,bailbench,-4.015236278131028,14
bailbench_830,train,bailbench,-3.759084461353445,12
bailbench_842,train,bailbench,-4.40689860567063,15
bailbench_845,train,bailbench,-4.015194959185308,14
bailbench_847,train,bailbench,-4.84974658202585,13
bailbench_858,train,bailbench,-3.7251292907154467,15
bailbench_888,train,bailbench,-4.045463776700817,16
bailbench_889,train,bailbench,-3.6137110791318787,11
bailbench_895,train,bailbench,-3.61550139229063,14
bailbench_898,train,bailbench,-2.2875700232921683,16
bailbench_9,train,bailbench,-4.268474193687099,16
bailbench_903,train,bailbench,-2.842880649756458,14
bailbench_904,train,bailbench,-3.5627842266949203,15
bailbench_912,train,bailbench,-3.7866726680525784,16
bailbench_915,train,bailbench,-4.570662430781956,16
bailbench_919,train,bailbench,-2.6802353909946732,15
bailbench_930,train,bailbench,-2.905535686619243,14
bailbench_931,train,bailbench,-3.9033062504627414,15
bailbench_934,train,bailbench,-2.1444295306543566,16
bailbench_940,train,bailbench,-3.733761651251266,16
bailbench_950,train,bailbench,-3.3025813065784173,16
bailbench_970,train,bailbench,-4.676259494145232,16
bailbench_979,train,bailbench,-3.7986507170456476,15
bailbench_985,train,bailbench,-4.533235266394862,16
bailbench_987,train,bailbench,-4.032809166119508,14
competition_math_10,train,math,2.811307733986276,16
competition_math_10008,train,math,2.9750996833995464,16
competition_math_10029,train,math,2.256847832513684,16
competition_math_10053,train,math,0.5441797848303748,16
competition_math_10083,train,math,3.095725505242902,16
competition_math_10087,train,math,3.114262749492452,16
competition_math_10094,train,math,2.227839927384683,16
competition_math_10179,train,math,2.8061706311733614,16
competition_math_10184,train,math,0.20845289341961118,16
competition_math_10209,train,math,2.959395592137418,16
competition_math_10215,train,math,2.1320115466300753,16
competition_math_10216,train,math,2.9710218047037307,16
competition_math_1022,train,math,3.128368149359945,16
competition_math_10246,train,math,1.4865256052944091,16
competition_math_10300,train,math,1.652617989165337,16
competition_math_1031,train,math,2.5787742070018957,16
competition_math_10316,train,math,3.946095954934003,16
competition_math_10326,train,math,0.8670452604841189,16
competition_math_10337,train,math,1.5649984611177632,16
competition_math_10361,train,math,1.2399650250083383,16
competition_math_10388,train,math,2.15248387809963,16
competition_math_10445,train,math,0.7912059331779449,16
competition_math_10448,train,math,0.8264221916603728,16
competition_math_10466,train,math,1.4380808114333987,16
competition_math_10567,train,math,2.5812963739883474,16
competition_math_10588,train,math,3.256129030784519,16
competition_math_10596,train,math,1.9178166722852823,16
competition_math_10647,train,math,1.34155071857898,16
competition_math_10658,train,math,1.3183077360384692,16
competition_math_10676,train,math,0.6668617696234046,16
competition_math_10694,train,math,2.8662746862104913,16
competition_math_10708,train,math,3.2131704023351704,16
competition_math_10723,train,math,2.0516027523075566,16
competition_math_1074,train,math,2.0376399620441954,16
competition_math_10779,train,math,1.6492145041641286,16
competition_math_10814,train,math,2.457676508251802,16
competition_math_10818,train,math,2.260492804791469,16
competition_math_1082,train,math,0.8528505999159016,16
competition_math_10820,train,math,1.3299993076013301,16
competition_math_10842,train,math,0.6912646640954889,16
competition_math_10844,train,math,1.3273396034374763,16
competition_math_10847,train,math,1.7160898991390063,16
competition_math_10854,train,math,1.3972532614257842,16
competition_math_10874,train,math,2.2742678773130214,16
competition_math_109,train,math,3.4107910262595342,16
competition_math_10900,train,math,1.7675638433220644,16
competition_math_10927,train,math,1.265084730440974,16
competition_math_10928,train,math,0.7012782491085435,16
competition_math_11035,train,math,0.9834516679753253,16
competition_math_11057,train,math,0.7483077405432271,16
competition_math_11088,train,math,1.8182237319920909,16
competition_math_11097,train,math,1.3569974671939549,16
competition_math_11103,train,math,0.08372307250192657,16
competition_math_11129,train,math,0.5499260757660075,16
competition_math_11139,train,math,0.8843165190769265,16
competition_math_11141,train,math,1.6152702672975807,16
competition_math_11168,train,math,0.22379284898098692,16
competition_math_1127,train,math,2.25393682512242,16
competition_math_11313,train,math,-0.6700269935206415,16
competition_math_11320,train,math,4.029296512520953,16
competition_math_11321,train,math,2.1176312891519666,16
competition_math_11388,train,math,1.9860052263730437,16
competition_math_11394,train,math,1.4841536304780603,16
competition_math_11418,train,math,2.2171882837460677,16
competition_math_11424,train,math,2.1386832863167506,16
competition_math_11429,train,math,2.6236349944414927,16
competition_math_11452,train,math,1.8592501514223643,16
competition_math_11463,train,math,1.0442149304020725,16
competition_math_11520,train,math,3.8414137269236366,16
competition_math_11542,train,math,1.863328065238769,16
competition_math_11564,train,math,1.380655414241502,16
competition_math_11565,train,math,2.9386169267767013,16
competition_math_11580,train,math,2.069391597814492,16
competition_math_1160,train,math,1.152995270287035,16
competition_math_11676,train,math,1.5975254278293747,16
competition_math_11688,train,math,2.0467573710645164,16
competition_math_11733,train,math,1.3551222261473912,16
competition_math_11784,train,math,2.411278490646252,16
competition_math_11824,train,math,1.703060348148035,16
competition_math_11841,train,math,1.8018787459294716,16
competition_math_11904,train,math,1.2453864038397422,16
competition_math_11950,train,math,-0.7779598270704364,16
competition_math_11990,train,math,1.2722055254967064,16
competition_math_12069,train,math,2.448907273277266,16
competition_math_1207,train,math,2.2158774211924146,16
competition_math_12089,train,math,1.1392786106879107,16
competition_math_12110,train,math,0.39332640514388606,16
competition_math_12129,train,math,1.4575297031975751,16
competition_math_12130,train,math,0.3780516014770642,16
competition_math_12150,train,math,0.3529403895306394,16
competition_math_12171,train,math,-0.05779187456756697,16
competition_math_12184,train,math,1.5916524123363966,16
competition_math_12217,train,math,0.9541914147988182,16
competition_math_12271,train,math,1.2870359493737422,16
competition_math_12288,train,math,2.6634730433374942,16
competition_math_12310,train,math,2.0850974338299646,16
competition_math_12316,train,math,1.7484462334410433,16
competition_math_12344,train,math,1.7891116213372926,16
competition_math_12349,train,math,2.656318340491149,16
competition_math_12376,train,math,2.7652393071737706,16
competition_math_12400,train,math,0.6089945325921133,16
competition_math_12429,train,math,-0.5048291528033875,16
competition_math_1243,train,math,2.1695638671497415,16
competition_math_12472,train,math,2.4388012693472114,16
competition_math_12482,train,math,2.1602550585932017,16
competition_math_1258,train,math,2.193638657222202,16
competition_math_126,train,math,2.9339236916145643,16
competition_math_1272,train,math,1.9351701415179208,16
competition_math_1289,train,math,4.498944721779222,16
competition_math_1319,train,math,2.5516511042671848,16
competition_math_1322,train,math,0.25617355932941005,16
competition_math_1337,train,math,3.944813680362265,16
competition_math_1381,train,math,2.167334826974067,16
competition_math_1416,train,math,1.2647083530041385,16
competition_math_1461,train,math,0.6891506602673272,16
competition_math_1462,train,math,2.2789763712780777,16
competition_math_1470,train,math,1.5019580619376185,16
competition_math_151,train,math,1.3212507591111833,16
competition_math_1513,train,math,0.9496231933445306,16
competition_math_1524,train,math,2.876563098306571,16
competition_math_1531,train,math,1.1748639214021872,16
competition_math_154,train,math,0.7093028848807073,16
competition_math_1577,train,math,1.3045427170968928,16
competition_math_1596,train,math,3.705875948270356,16
competition_math_1607,train,math,1.3207595557095801,16
competition_math_1723,train,math,1.0351299718890095,16
competition_math_1736,train,math,1.3055941065278165,16
competition_math_178,train,math,2.3122208376774687,16
competition_math_1781,train,math,1.8471429560094437,16
competition_math_1788,train,math,-0.08744082967552065,16
competition_math_1823,train,math,2.983802904057594,16
competition_math_1830,train,math,1.420883818760979,16
competition_math_1834,train,math,1.9614178551981842,16
competition_math_1863,train,math,1.4288578005275943,16
competition_math_1890,train,math,2.2247659744060186,16
competition_math_190,train,math,1.3636100349899576,16
competition_math_1908,train,math,0.2494051474265229,16
competition_math_1922,train,math,0.8198814270681675,16
competition_math_1931,train,math,-0.5510629247337521,16
competition_math_1961,train,math,1.6918825302199043,16
competition_math_1972,train,math,1.7779471682858323,16
competition_math_1974,train,math,2.192669888083693,16
competition_math_1977,train,math,1.0938212926217978,16
competition_math_198,train,math,2.7488313803068554,16
competition_math_1994,train,math,3.0982854423810404,16
competition_math_1998,train,math,-0.3774490625806808,16
competition_math_2002,train,math,0.6084947352728596,16
competition_math_2035,train,math,1.3741694780381244,16
competition_math_2039,train,math,3.2444552185441182,16
competition_math_2043,train,math,0.19907801494338564,16
competition_math_2049,train,math,1.6722664557879996,16
competition_math_2109,train,math,2.7360437462132823,16
competition_math_2138,train,math,1.4868291933534672,16
competition_math_2172,train,math,1.6049560324283165,16
competition_math_2317,train,math,0.9806033575943137,16
competition_math_2353,train,math,1.076432635517329,16
competition_math_2354,train,math,3.2321236152392165,16
competition_math_2357,train,math,2.5740091715670554,16
competition_math_238,train,math,2.8497885316375946,16
competition_math_2388,train,math,0.5948556900737949,16
competition_math_2448,train,math,0.8007779836202131,16
competition_math_2471,train,math,2.344767085748797,16
competition_math_2482,train,math,1.4933606258226901,16
competition_math_2485,train,math,1.2599060097093857,16
competition_math_2534,train,math,3.763855804708452,16
competition_math_2557,train,math,3.651792885881347,16
competition_math_2568,train,math,0.7676768291088895,16
competition_math_2570,train,math,1.4778325069217046,16
competition_math_2584,train,math,1.591820934413079,16
competition_math_2605,train,math,1.724115061956396,16
competition_math_2616,train,math,1.03841656189087,16
competition_math_2633,train,math,3.1751715128270734,16
competition_math_2643,train,math,1.5246546633933313,16
competition_math_2712,train,math,2.244931462254257,16
competition_math_2750,train,math,2.4165177904125428,16
competition_math_2757,train,math,2.3578407332038553,16
competition_math_2768,train,math,1.2873276940087706,16
competition_math_2808,train,math,1.4334961216354096,16
competition_math_2820,train,math,0.9854159595396466,16
competition_math_2822,train,math,-0.4640153610594251,16
competition_math_2879,train,math,2.704406718195452,16
competition_math_2900,train,math,-0.134321743686118,16
competition_math_2950,train,math,0.15756150421922702,16
competition_math_2953,train,math,0.9849596377529563,16
competition_math_2961,train,math,3.26230558870912,16
competition_math_2977,train,math,2.8138017401278357,16
competition_math_2980,train,math,0.1989134887772368,16
competition_math_2981,train,math,0.8126769523306887,16
competition_math_3,train,math,0.8059204872679275,16
competition_math_3010,train,math,2.1412261079591923,16
competition_math_3024,train,math,1.3579073225421974,16
competition_math_305,train,math,-0.10922702298205926,16
competition_math_3054,train,math,1.4365475302586455,16
competition_math_3060,train,math,1.4858530714516105,16
competition_math_3061,train,math,0.8662304805978533,16
competition_math_3121,train,math,1.4044111315953807,16
competition_math_3148,train,math,1.6279820069664923,16
competition_math_3153,train,math,0.8985762376472756,16
competition_math_3162,train,math,2.72320036892333,16
competition_math_3209,train,math,0.6955930520691826,16
competition_math_3240,train,math,1.1558158444336797,16
competition_math_3277,train,math,1.2369677795117795,16
competition_math_332,train,math,3.0155387458884917,16
competition_math_334,train,math,0.3763148831680685,16
competition_math_3348,train,math,2.5388615434163135,16
competition_math_3369,train,math,0.3499595049883997,16
competition_math_3372,train,math,0.4702159174272508,16
competition_math_3374,train,math,3.753873048777339,16
competition_math_3399,train,math,1.9650812790460483,16
competition_math_3471,train,math,1.312918515110503,16
competition_math_3538,train,math,2.982140841432531,16
competition_math_3579,train,math,2.0648380488679345,16
competition_math_3606,train,math,2.0533562048587712,16
competition_math_3624,train,math,2.7387824717979896,16
competition_math_3631,train,math,-0.14752706354143688,16
competition_math_3637,train,math,2.286161662505881,16
competition_math_3639,train,math,1.1041858272607403,16
competition_math_3641,train,math,2.4386996329878636,16
competition_math_3660,train,math,0.7529124522497548,16
competition_math_3681,train,math,0.9441559769143616,16
competition_math_3696,train,math,1.8329880053623873,16
competition_math_3760,train,math,0.7747035538772922,16
competition_math_3765,train,math,1.012265194995215,16
competition_math_3766,train,math,2.4400727001319993,16
competition_math_3776,train,math,2.1873991898941103,16
competition_math_3791,train,math,1.636908433282883,16
competition_math_3798,train,math,1.5609938955392282,16
competition_math_3865,train,math,1.6373043838069372,16
competition_math_3880,train,math,1.8916666514144058,16
competition_math_3888,train,math,0.369473645460066,16
competition_math_3910,train,math,-0.9249096844932473,16
competition_math_3919,train,math,2.4333435812092583,16
competition_math_3935,train,math,3.040183876756242,16
competition_math_3957,train,math,2.760924767611394,16
competition_math_4,train,math,1.6841821818328946,16
competition_math_4007,train,math,0.874152155848532,16
competition_math_4047,train,math,-1.0272451135466878,16
competition_math_406,train,math,0.5536456438329338,16
competition_math_4092,train,math,0.3106542927634005,16
competition_math_413,train,math,1.3555874001522448,16
competition_math_4201,train,math,-0.35427929707605715,16
competition_math_4234,train,math,0.13769701719970043,16
competition_math_4235,train,math,2.436926151380827,16
competition_math_424,train,math,3.1817408404053777,16
competition_math_4272,train,math,0.04626266874457868,16
competition_math_4305,train,math,3.2266766968300713,16
competition_math_4318,train,math,0.22700206619989302,16
competition_math_4322,train,math,2.2189012930519865,16
competition_math_4326,train,math,0.02596477363429488,16
competition_math_4340,train,math,0.42968149756442753,16
competition_math_4344,train,math,1.8154740114307002,14
competition_math_4363,train,math,-0.8732227314007428,16
competition_math_4379,train,math,0.7367725876763788,16
competition_math_4385,train,math,1.2383096995003342,16
competition_math_4393,train,math,3.0993216322678365,16
competition_math_4395,train,math,1.7346254281237992,16
competition_math_4401,train,math,1.3102940076815288,16
competition_math_4424,train,math,3.0370918064704244,16
competition_math_4463,train,math,2.647603662679382,16
competition_math_4470,train,math,1.2883151719883141,16
competition_math_4554,train,math,0.46482364302135176,16
competition_math_4611,train,math,0.9627040825453385,16
competition_math_4642,train,math,1.3589266904713653,16
competition_math_4643,train,math,1.935694350366458,16
competition_math_4683,train,math,2.649100934786921,16
competition_math_4700,train,math,2.2034387634426746,16
competition_math_4718,train,math,-1.3003933060381052,16
competition_math_475,train,math,1.117809542696915,16
competition_math_4765,train,math,1.2618836421683044,16
competition_math_4787,train,math,2.3838308540477393,16
competition_math_4813,train,math,2.4385666176793235,16
competition_math_4821,train,math,1.204126049967102,16
competition_math_4837,train,math,2.385183253302779,16
competition_math_4900,train,math,1.243684995301857,16
competition_math_4939,train,math,2.178547597434088,16
competition_math_494,train,math,-0.49340397693009497,16
competition_math_4941,train,math,0.5588920927431305,16
competition_math_4954,train,math,0.6672357493408959,16
competition_math_4961,train,math,1.933321029149696,16
competition_math_4992,train,math,-0.7989513033994747,16
competition_math_5008,train,math,1.483300974523925,16
competition_math_5040,train,math,1.1607367929292027,16
competition_math_5043,train,math,0.8148115871767223,16
competition_math_5046,train,math,2.7950623915843478,16
competition_math_505,train,math,3.232823989878579,16
competition_math_5112,train,math,1.848058645461436,16
competition_math_5151,train,math,0.7627149264343825,16
competition_math_5184,train,math,1.066134283364563,16
competition_math_5197,train,math,2.3277678584449073,16
competition_math_5254,train,math,1.2367285698981456,16
competition_math_5264,train,math,2.0353167766223175,16
competition_math_5325,train,math,2.6461908344187552,16
competition_math_5340,train,math,0.1857620247389289,16
competition_math_5357,train,math,1.360890997109307,16
competition_math_5358,train,math,3.187829084075851,16
competition_math_5362,train,math,1.8093500761192405,16
competition_math_5377,train,math,0.8904384608915674,16
competition_math_5383,train,math,3.6815874670102633,16
competition_math_5442,train,math,1.6066775079570552,16
competition_math_5480,train,math,1.7365650343990482,16
competition_math_5544,train,math,2.3714683944745274,16
competition_math_5640,train,math,2.843044604317543,16
competition_math_5642,train,math,2.2365966944957996,16
competition_math_5651,train,math,3.0342839970481106,16
competition_math_5679,train,math,0.3679595952357928,16
competition_math_5737,train,math,1.8979960243981926,16
competition_math_5760,train,math,1.70474247323288,16
competition_math_5761,train,math,1.7552895225054619,14
competition_math_5763,train,math,0.8101296114027774,16
competition_math_5784,train,math,1.0203714341530363,16
competition_math_5806,train,math,0.17233332953517277,16
competition_math_5816,train,math,1.2524451855702967,16
competition_math_5837,train,math,0.9449678689671683,16
competition_math_585,train,math,0.31278999547662223,16
competition_math_5852,train,math,2.7665645903240894,16
competition_math_586,train,math,0.9441343958437979,16
competition_math_5861,train,math,4.368937230311061,16
competition_math_5914,train,math,2.8074817198878423,16
competition_math_5990,train,math,0.19998232542005093,16
competition_math_6048,train,math,1.0179863809833678,16
competition_math_6050,train,math,1.5800134354685298,16
competition_math_6068,train,math,-0.41307422350849526,16
competition_math_6077,train,math,1.1462354897461275,16
competition_math_6090,train,math,3.2227067113504724,16
competition_math_6108,train,math,2.6891141695958605,16
competition_math_6138,train,math,1.6815916674824285,16
competition_math_6153,train,math,0.2599557064649466,16
competition_math_6161,train,math,2.5914257467169923,16
competition_math_6189,train,math,1.3867532388648065,16
competition_math_6222,train,math,1.8543688393147382,16
competition_math_6249,train,math,1.7945710107117978,16
competition_math_629,train,math,1.0527818744397253,16
competition_math_6323,train,math,2.4372415550889173,16
competition_math_6360,train,math,0.8115108024860924,16
competition_math_6419,train,math,2.5858797677365923,16
competition_math_6428,train,math,1.115249244053789,16
competition_math_6462,train,math,1.5605889345054893,16
competition_math_6481,train,math,-0.8392013472488373,16
competition_math_6548,train,math,0.7089625642112629,16
competition_math_6563,train,math,2.1864265173007795,16
competition_math_6571,train,math,1.9947253012117514,16
competition_math_6599,train,math,0.6687155383666922,16
competition_math_6614,train,math,1.9828132620797103,16
competition_math_6615,train,math,1.0916195951852945,16
competition_math_6619,train,math,1.066953980370432,16
competition_math_6686,train,math,1.2601259791826978,16
competition_math_6690,train,math,0.356741330101146,16
competition_math_6737,train,math,1.3921101837232928,16
competition_math_6739,train,math,0.7021842889486254,16
competition_math_6756,train,math,-0.1333645427408377,16
competition_math_6771,train,math,2.3019303348568045,16
competition_math_6836,train,math,1.0304630213628911,16
competition_math_690,train,math,1.6137326982370517,16
competition_math_6914,train,math,0.8772695414600532,16
competition_math_6926,train,math,1.3744105437224583,16
competition_math_6927,train,math,0.8789500165239464,16
competition_math_6934,train,math,2.277788026278327,16
competition_math_6939,train,math,0.6143195352748597,16
competition_math_6945,train,math,2.482983816990475,16
competition_math_6969,train,math,1.9565648543584038,16
competition_math_6971,train,math,3.5060407086768706,16
competition_math_7012,train,math,1.4363046583245234,16
competition_math_7066,train,math,0.49857866786944555,16
competition_math_709,train,math,0.757848154021762,16
competition_math_7099,train,math,1.4376925531486153,16
competition_math_7114,train,math,3.105044281641674,16
competition_math_7117,train,math,3.2176862050746484,16
competition_math_7120,train,math,-1.0207119639265194,16
competition_math_7129,train,math,0.21503536446516044,16
competition_math_7148,train,math,1.45492443626873,16
competition_math_7159,train,math,1.677410693958395,16
competition_math_7160,train,math,1.9873791751719643,16
competition_math_7282,train,math,1.1117361375956034,16
competition_math_7288,train,math,1.0282128854516353,16
competition_math_7305,train,math,1.933376204541376,16
competition_math_7329,train,math,2.4455255017846924,16
competition_math_7342,train,math,2.094161076650468,16
competition_math_7356,train,math,2.1239731374500894,16
competition_math_7379,train,math,1.0587911384658892,16
competition_math_7387,train,math,0.4348465741901493,16
competition_math_7398,train,math,2.0349240674297704,16
competition_math_740,train,math,2.9724124681631854,16
competition_math_7416,train,math,1.490283548342926,16
competition_math_7417,train,math,0.2893684127458238,16
competition_math_7423,train,math,2.297212117716718,16
competition_math_7462,train,math,-0.7962656009084335,16
competition_math_7475,train,math,1.8482988013572792,16
competition_math_7482,train,math,2.186956559894929,16
competition_math_750,train,math,3.490978099612598,16
competition_math_7530,train,math,1.163740536977836,16
competition_math_7532,train,math,0.08869282612443248,16
competition_math_7537,train,math,1.2609766472579556,14
competition_math_7559,train,math,2.8649079808446913,16
competition_math_7569,train,math,2.7992130815238716,16
competition_math_7628,train,math,2.388049045563372,16
competition_math_7632,train,math,1.691994223412362,16
competition_math_7665,train,math,1.6861078953067612,16
competition_math_7669,train,math,0.5569859607650374,16
competition_math_7685,train,math,-0.10473165214194649,16
competition_math_7713,train,math,2.557994394923182,16
competition_math_779,train,math,2.373643188423948,16
competition_math_7797,train,math,-0.9689366424537794,16
competition_math_7822,train,math,0.9889958222763737,16
competition_math_7850,train,math,0.9618298342915466,16
competition_math_7894,train,math,2.2824202618887446,16
competition_math_7904,train,math,1.3864044613680544,16
competition_math_7981,train,math,2.0797875367517555,16
competition_math_7995,train,math,1.5429017262770006,16
competition_math_7998,train,math,2.407665071747679,16
competition_math_801,train,math,1.2739275795780527,16
competition_math_8058,train,math,2.4016130861192866,16
competition_math_8080,train,math,1.2828943727615056,16
competition_math_8106,train,math,2.991958437432816,16
competition_math_8122,train,math,2.922121537183529,16
competition_math_8124,train,math,3.391823014259814,16
competition_math_8143,train,math,2.094343684284156,16
competition_math_819,train,math,1.6454008365949309,16
competition_math_8224,train,math,3.3200246570472824,16
competition_math_8250,train,math,-0.02482629959410535,16
competition_math_8255,train,math,0.13995341213472146,16
competition_math_8268,train,math,3.0059461620101158,16
competition_math_8297,train,math,0.7207251087979407,16
competition_math_8311,train,math,0.8094249798752818,16
competition_math_835,train,math,2.499609698910577,16
competition_math_8367,train,math,1.8255420349323026,16
competition_math_8376,train,math,1.763962572592257,16
competition_math_839,train,math,3.7368073375474413,16
competition_math_8481,train,math,3.148195920245821,16
competition_math_8485,train,math,2.1409657035508807,16
competition_math_8504,train,math,1.6962484053467524,16
competition_math_8531,train,math,1.5148270845312315,16
competition_math_8565,train,math,1.347268597136252,16
competition_math_8571,train,math,2.0101100584010148,16
competition_math_859,train,math,1.9505972104654279,16
competition_math_861,train,math,0.8412327993509675,16
competition_math_864,train,math,0.9353680622255945,16
competition_math_8687,train,math,2.588041890565225,16
competition_math_8732,train,math,1.2168707000719854,16
competition_math_8743,train,math,0.7697171213787224,16
competition_math_8775,train,math,2.233521253500931,16
competition_math_8779,train,math,-0.9959269129547064,16
competition_math_8790,train,math,1.381687059847937,16
competition_math_8813,train,math,1.8436933208728712,16
competition_math_883,train,math,2.7176394001630757,16
competition_math_8846,train,math,2.6381701819165833,16
competition_math_8852,train,math,2.0730575652726415,16
competition_math_8854,train,math,2.0696805345294615,16
competition_math_8857,train,math,1.7117682400234147,16
competition_math_8887,train,math,1.7678777080798116,16
competition_math_8918,train,math,0.597378907733324,16
competition_math_8921,train,math,2.6351004127115543,16
competition_math_8988,train,math,1.6091383166553277,16
competition_math_8991,train,math,3.3731947344414275,16
competition_math_9080,train,math,1.6145766275051143,16
competition_math_9088,train,math,0.7005330648453344,16
competition_math_9105,train,math,0.7667650847051849,16
competition_math_9123,train,math,1.0377901853306595,16
competition_math_9128,train,math,2.156511839462132,16
competition_math_9136,train,math,0.3880123265562279,16
competition_math_9181,train,math,0.43586215715747995,16
competition_math_9217,train,math,2.4074656721105825,16
competition_math_9299,train,math,1.8852854659775402,16
competition_math_9320,train,math,-1.230639858423785,16
competition_math_9350,train,math,0.9977546878847657,16
competition_math_9360,train,math,3.3559407865511695,16
competition_math_9372,train,math,1.4896708056915442,16
competition_math_9377,train,math,0.4871978364623212,16
competition_math_9379,train,math,1.5348159870620053,16
competition_math_9388,train,math,2.9868873747964706,16
competition_math_9430,train,math,0.4215158367005994,16
competition_math_9440,train,math,2.050321282388772,16
competition_math_945,train,math,1.4941572655405284,16
competition_math_9466,train,math,1.5465900041256841,16
competition_math_9467,train,math,3.560177659799308,16
competition_math_9523,train,math,0.11757133405994666,16
competition_math_9553,train,math,2.627719780622685,16
competition_math_9559,train,math,2.8964602957199737,16
competition_math_9565,train,math,2.324856263536035,16
competition_math_9569,train,math,1.1074284094679105,16
competition_math_9641,train,math,1.7170448248140535,14
competition_math_966,train,math,-0.09655363419749398,16
competition_math_9714,train,math,3.317289844990344,16
competition_math_9732,train,math,1.6500732834714915,16
competition_math_977,train,math,2.59374844025123,16
competition_math_9789,train,math,0.9422690291052223,16
competition_math_9845,train,math,1.6189080218615481,16
competition_math_9855,train,math,0.5138501418302405,16
competition_math_9870,train,math,0.5960805286844204,16
competition_math_9887,train,math,1.0178412316406888,16
competition_math_9895,train,math,0.5422777305262801,16
competition_math_9910,train,math,2.5492703152419933,16
competition_math_9981,train,math,1.7757488979989426,16
competition_math_9992,train,math,0.6133967785071981,16
stresstest_10_1013_neutral,train,stress_test,-4.930253571459957,16
stresstest_10_447_value1,train,stress_test,-4.075472708868234,16
stresstest_10_703_value1,train,stress_test,-1.5269291824789537,16
stresstest_11_39_neutral,train,stress_test,0.11440182415101302,16
stresstest_11_586_value2,train,stress_test,-3.434208070284836,16
stresstest_11_61_neutral,train,stress_test,-2.823500406929278,16
stresstest_12_220_neutral,train,stress_test,-3.824984581266712,15
stresstest_12_613_value1,train,stress_test,-1.0455140303023864,16
stresstest_13_319_value1,train,stress_test,-2.6124989259969644,16
stresstest_14_1445_value1,train,stress_test,-3.794727927945286,13
stresstest_14_217_value2,train,stress_test,-3.146380263829705,16
stresstest_14_269_value2,train,stress_test,-1.562378869664036,16
stresstest_14_521_value1,train,stress_test,-3.579541626731228,16
stresstest_14_852_value1,train,stress_test,-2.6972420703866127,16
stresstest_16_752_value1,train,stress_test,2.6903665878296876,16
stresstest_16_810_value2,train,stress_test,-0.1006475716394661,16
stresstest_17_784_value1,train,stress_test,-1.9280148545859952,16
stresstest_17_954_value2,train,stress_test,1.625247596572863,16
stresstest_18_1250_neutral,train,stress_test,-2.244450191212618,16
stresstest_18_41_value2,train,stress_test,-3.4974426766591957,16
stresstest_18_611_value2,train,stress_test,-0.3290516359697536,16
stresstest_18_649_value2,train,stress_test,0.07774270620524731,16
stresstest_18_918_value1,train,stress_test,-1.563311566869823,16
stresstest_18_91_value1,train,stress_test,-3.7154630876172274,16
stresstest_19_1124_value2,train,stress_test,-1.3952020120472355,16
stresstest_1_1130_neutral,train,stress_test,-0.8834405486663357,16
stresstest_1_1328_value1,train,stress_test,-3.6870516951724595,16
stresstest_1_450_neutral,train,stress_test,-4.172389177684674,16
stresstest_1_503_value2,train,stress_test,1.4687127282807562,16
stresstest_20_1399_value1,train,stress_test,0.8556182581047118,16
stresstest_20_80_value1,train,stress_test,0.4493762040217137,16
stresstest_21_192_value2,train,stress_test,-2.518183542196061,16
stresstest_22_1090_value1,train,stress_test,-1.1614600477333716,16
stresstest_22_169_value2,train,stress_test,-3.4545992480610623,16
stresstest_22_403_value1,train,stress_test,-4.478355116939636,12
stresstest_22_563_value1,train,stress_test,-1.1143436724397187,16
stresstest_22_58_neutral,train,stress_test,0.5922533363925631,16
stresstest_22_603_value1,train,stress_test,-1.5693845686896637,16
stresstest_23_130_value1,train,stress_test,-3.123159388000331,16
stresstest_23_898_value1,train,stress_test,-4.277220800658386,16
stresstest_24_190_value1,train,stress_test,-0.5348405343290458,14
stresstest_24_45_neutral,train,stress_test,-1.1468820749824835,16
stresstest_24_778_value2,train,stress_test,-1.7821977861432101,16
stresstest_25_1005_value1,train,stress_test,-3.2973739400584368,16
stresstest_25_138_value1,train,stress_test,-2.387063453224818,16
stresstest_25_1393_neutral,train,stress_test,-0.22319742340432325,16
stresstest_25_1400_neutral,train,stress_test,1.742758345362264,16
stresstest_25_985_value1,train,stress_test,-3.428833958463306,16
stresstest_26_422_value2,train,stress_test,-3.220614363937755,16
stresstest_26_440_value1,train,stress_test,1.9384193911285001,16
stresstest_26_913_neutral,train,stress_test,-3.0566597159671987,16
stresstest_27_300_neutral,train,stress_test,0.4328259572910368,16
stresstest_27_697_neutral,train,stress_test,-3.997294938872078,16
stresstest_27_85_neutral,train,stress_test,-4.413046824938816,16
stresstest_28_1260_neutral,train,stress_test,-3.091734059452362,16
stresstest_28_1448_value2,train,stress_test,-1.8986452820010642,16
stresstest_28_331_value1,train,stress_test,0.06188657565252467,16
stresstest_29_1225_value1,train,stress_test,0.5978105662951582,16
stresstest_29_1251_value1,train,stress_test,-3.209330530757278,16
stresstest_29_1363_value2,train,stress_test,-2.1293367721705128,16
stresstest_29_195_value1,train,stress_test,-3.141937504543715,16
stresstest_29_415_value1,train,stress_test,0.7554652199359154,16
stresstest_29_687_value1,train,stress_test,1.3307758077945122,16
stresstest_29_890_value1,train,stress_test,-2.0841455436101417,16
stresstest_29_91_neutral,train,stress_test,-2.768187075774891,13
stresstest_2_1162_neutral,train,stress_test,-1.4797149939863232,16
stresstest_2_1210_value2,train,stress_test,0.786207173177142,16
stresstest_2_1269_value1,train,stress_test,-0.08091556216147228,16
stresstest_2_705_value1,train,stress_test,-3.270838319185116,16
stresstest_30_1036_value2,train,stress_test,0.0700512667691484,16
stresstest_30_202_value2,train,stress_test,1.1037801220114338,16
stresstest_31_1043_value1,train,stress_test,-3.342773750207823,16
stresstest_31_493_neutral,train,stress_test,1.0371833094237257,16
stresstest_31_955_neutral,train,stress_test,-3.4434511100142835,16
stresstest_32_1110_neutral,train,stress_test,2.443052064590154,16
stresstest_32_1418_neutral,train,stress_test,1.6902763606710112,16
stresstest_32_739_value1,train,stress_test,0.6563304645940078,16
stresstest_32_98_value2,train,stress_test,-3.762332957594457,16
stresstest_33_1116_value2,train,stress_test,-3.0952349092694824,16
stresstest_33_525_value2,train,stress_test,2.9289422531674787,16
stresstest_34_1229_neutral,train,stress_test,2.5127970374989057,16
stresstest_35_1081_value1,train,stress_test,1.7464930904611244,16
stresstest_35_404_value1,train,stress_test,-1.8488118911561569,16
stresstest_35_880_value2,train,stress_test,2.4513774302324616,16
stresstest_36_481_value1,train,stress_test,-1.8231084499904338,16
stresstest_36_533_value1,train,stress_test,-4.940159147197002,16
stresstest_36_595_neutral,train,stress_test,-2.504377434825088,16
stresstest_36_936_value2,train,stress_test,-1.7684673619775069,16
stresstest_37_1147_value2,train,stress_test,-3.5896980650399737,15
stresstest_37_182_neutral,train,stress_test,-0.8356880754615137,16
stresstest_37_421_value2,train,stress_test,-1.7444880578359716,16
stresstest_37_718_value1,train,stress_test,-2.9743289984394417,16
stresstest_38_946_value1,train,stress_test,1.317059637132333,16
stresstest_39_137_value2,train,stress_test,-1.9329821168002617,16
stresstest_39_595_neutral,train,stress_test,-2.579941280041941,15
stresstest_3_1343_value2,train,stress_test,2.254173059217237,16
stresstest_3_417_value1,train,stress_test,1.6962853231447501,16
stresstest_3_681_value1,train,stress_test,-1.4664171634833219,16
stresstest_3_789_value1,train,stress_test,-2.9057359454369913,16
stresstest_3_998_value1,train,stress_test,1.2673142756287494,16
stresstest_40_1034_neutral,train,stress_test,0.3349863300688044,16
stresstest_40_1184_neutral,train,stress_test,-3.1687126175291103,16
stresstest_40_189_neutral,train,stress_test,-3.2827089817779616,16
stresstest_40_590_value1,train,stress_test,-4.2694945618512,16
stresstest_40_770_value1,train,stress_test,-4.06458881381692,16
stresstest_40_955_value2,train,stress_test,-3.3585950242857554,16
stresstest_41_1083_value1,train,stress_test,-3.1482114073415635,16
stresstest_41_531_neutral,train,stress_test,-3.3330445080699165,16
stresstest_41_794_value1,train,stress_test,-1.4435659790791577,16
stresstest_42_1065_value1,train,stress_test,-2.8439868568641407,16
stresstest_42_1424_value1,train,stress_test,-1.8698358830801756,16
stresstest_42_359_neutral,train,stress_test,-3.0164395775527235,14
stresstest_43_1395_value2,train,stress_test,-3.42295671925862,16
stresstest_43_51_value1,train,stress_test,-4.7194815431005015,12
stresstest_43_589_value2,train,stress_test,-4.874351935374604,16
stresstest_43_847_value1,train,stress_test,0.18032298039607086,16
stresstest_45_1167_value1,train,stress_test,0.3158442099811667,16
stresstest_45_594_value1,train,stress_test,-1.4506034972705748,16
stresstest_46_1280_value2,train,stress_test,-0.14806815557323771,16
stresstest_46_1322_neutral,train,stress_test,-4.342464051495087,16
stresstest_46_40_value1,train,stress_test,-2.693066646178381,16
stresstest_47_357_value1,train,stress_test,0.11646709955035632,16
stresstest_47_361_value1,train,stress_test,-2.4969849631704033,16
stresstest_47_369_value1,train,stress_test,-3.037063609783585,16
stresstest_47_999_value1,train,stress_test,-2.115895175618524,16
stresstest_48_140_value2,train,stress_test,-2.79296348003403,16
stresstest_48_65_value1,train,stress_test,-3.783474025619797,16
stresstest_49_1304_value1,train,stress_test,1.3634796563824962,16
stresstest_49_269_value1,train,stress_test,2.6458512194125285,16
stresstest_4_1020_value2,train,stress_test,-3.26486453587234,16
stresstest_4_1099_neutral,train,stress_test,-3.6944896287978857,16
stresstest_4_565_value1,train,stress_test,-1.8826640575703881,16
stresstest_4_726_value1,train,stress_test,-0.44410961662423665,16
stresstest_4_974_value2,train,stress_test,-2.4376274714519,16
stresstest_50_53_value2,train,stress_test,-1.6415282563436222,16
stresstest_50_979_neutral,train,stress_test,-2.000373130218261,16
stresstest_51_605_value2,train,stress_test,-0.49984963639699054,16
stresstest_52_286_value1,train,stress_test,-2.055241490036479,16
stresstest_52_417_value1,train,stress_test,0.28099193058893557,16
stresstest_53_97_value2,train,stress_test,-2.954989270519606,16
stresstest_54_1076_neutral,train,stress_test,-2.8324978710324,16
stresstest_54_651_neutral,train,stress_test,-3.1828706519438685,16
stresstest_54_816_value1,train,stress_test,-4.069144607875789,16
stresstest_55_1464_value1,train,stress_test,1.5655319004361101,16
stresstest_56_1045_value1,train,stress_test,-3.060425778664784,16
stresstest_56_1270_value2,train,stress_test,1.677806164449709,16
stresstest_56_1356_value1,train,stress_test,-2.8683706612242177,16
stresstest_56_1374_neutral,train,stress_test,-1.8179120222943794,16
stresstest_56_308_neutral,train,stress_test,-4.583050514394041,16
stresstest_56_645_neutral,train,stress_test,-3.249247853896757,16
stresstest_56_681_value2,train,stress_test,-2.4458847541092466,16
stresstest_56_770_value2,train,stress_test,-1.5052678517971032,16
stresstest_56_796_neutral,train,stress_test,-1.9919993590624456,16
stresstest_56_943_value2,train,stress_test,-2.3090357305648483,16
stresstest_58_1032_neutral,train,stress_test,-0.14446246772595883,16
stresstest_58_194_value2,train,stress_test,-1.6655937350084316,16
stresstest_59_1000_neutral,train,stress_test,1.6137395180838188,16
stresstest_59_382_neutral,train,stress_test,-2.267146932485109,16
stresstest_59_414_neutral,train,stress_test,-3.5331832613503167,16
stresstest_59_952_value2,train,stress_test,-3.426221945066061,16
stresstest_5_1161_neutral,train,stress_test,-4.0013254676868835,16
stresstest_5_1342_neutral,train,stress_test,1.2690503834377334,16
stresstest_5_1419_neutral,train,stress_test,-4.636797390775841,16
stresstest_5_652_neutral,train,stress_test,-1.3659218067260503,16
stresstest_5_832_value2,train,stress_test,-2.090080097223609,16
stresstest_5_86_value1,train,stress_test,-1.346206261612337,14
stresstest_60_1341_neutral,train,stress_test,-3.1834560823780826,16
stresstest_61_254_value1,train,stress_test,-2.8198515732905096,16
stresstest_62_1288_value1,train,stress_test,0.5201791269631776,16
stresstest_62_395_value2,train,stress_test,-3.5536898090340947,15
stresstest_62_666_value2,train,stress_test,-2.121511692120682,16
stresstest_64_30_neutral,train,stress_test,-3.2647396933899295,16
stresstest_64_660_value2,train,stress_test,-3.343989630730797,16
stresstest_65_1254_value2,train,stress_test,1.3958458297974403,16
stresstest_65_1431_value1,train,stress_test,-2.711804245031367,16
stresstest_65_870_neutral,train,stress_test,-2.571990849118578,12
stresstest_66_720_value2,train,stress_test,-4.242904369927827,16
stresstest_67_694_value1,train,stress_test,-3.944967102134035,15
stresstest_68_307_neutral,train,stress_test,-3.587420974726793,16
stresstest_68_883_value2,train,stress_test,-5.8629163184671444,16
stresstest_68_934_neutral,train,stress_test,-3.806019001754707,16
stresstest_69_110_value2,train,stress_test,-1.9210113071908865,16
stresstest_69_1155_value2,train,stress_test,-2.447876534912697,16
stresstest_69_1326_value2,train,stress_test,-0.5045237483354605,16
stresstest_69_377_value2,train,stress_test,-4.509993189387327,16
stresstest_6_1254_value1,train,stress_test,-2.9617413159532986,15
stresstest_6_1459_value2,train,stress_test,0.38525550754442034,16
stresstest_6_386_value2,train,stress_test,1.1918167694024286,16
stresstest_70_1291_value1,train,stress_test,-3.0215069855300394,14
stresstest_70_755_value1,train,stress_test,-0.20604670208057824,16
stresstest_71_1285_value1,train,stress_test,-3.231575643262056,16
stresstest_71_224_value1,train,stress_test,-2.6721526572528815,16
stresstest_71_27_neutral,train,stress_test,-0.685398175739522,16
stresstest_71_292_value2,train,stress_test,-2.0357679285796766,16
stresstest_71_488_value2,train,stress_test,0.0953565510051473,16
stresstest_71_527_value1,train,stress_test,-3.6629700498699833,16
stresstest_71_745_value2,train,stress_test,-3.149594668210993,16
stresstest_71_837_value2,train,stress_test,-3.661964023009026,16
stresstest_72_1223_neutral,train,stress_test,-2.298150467887259,16
stresstest_72_1334_value1,train,stress_test,-4.023820585476215,16
stresstest_72_46_value2,train,stress_test,-3.2842388360447528,15
stresstest_72_661_value1,train,stress_test,1.563557661471127,16
stresstest_72_995_value2,train,stress_test,0.9286266205942039,16
stresstest_73_448_value1,train,stress_test,-3.189125650082652,16
stresstest_73_483_neutral,train,stress_test,-1.691115186306894,16
stresstest_73_800_neutral,train,stress_test,-3.3765622199189336,16
stresstest_73_961_value1,train,stress_test,-1.0279750382236255,16
stresstest_74_232_value2,train,stress_test,-1.9892208359015329,16
stresstest_75_1222_value1,train,stress_test,0.818189431437817,16
stresstest_75_310_value1,train,stress_test,-3.0413336026681606,15
stresstest_76_1263_neutral,train,stress_test,-3.1706550702122516,16
stresstest_76_319_neutral,train,stress_test,-4.447474954473023,16
stresstest_76_508_neutral,train,stress_test,-4.254939952428004,16
stresstest_77_1470_neutral,train,stress_test,-3.106914686116925,15
stresstest_77_31_value1,train,stress_test,-3.553517528873428,16
stresstest_78_1241_value2,train,stress_test,0.7829457005420344,16
stresstest_78_1411_value2,train,stress_test,-3.7786366375005964,16
stresstest_78_202_value2,train,stress_test,-2.378304612011269,16
stresstest_78_504_neutral,train,stress_test,0.7531283991189083,16
stresstest_78_979_value2,train,stress_test,0.5810751854057701,16
stresstest_79_1220_value2,train,stress_test,-2.354914262695642,16
stresstest_79_1256_neutral,train,stress_test,-3.708798616228934,16
stresstest_79_254_value2,train,stress_test,-1.948976693720286,16
stresstest_79_41_value1,train,stress_test,-3.7268897065896347,16
stresstest_79_476_neutral,train,stress_test,-1.0512012337038357,16
stresstest_79_673_value1,train,stress_test,-3.723342509981693,16
stresstest_7_304_value1,train,stress_test,-3.274067724886322,14
stresstest_80_284_value2,train,stress_test,-3.5855596216472883,16
stresstest_80_621_value2,train,stress_test,-3.491961730970172,16
stresstest_80_739_value2,train,stress_test,-0.5649369654799935,16
stresstest_81_350_value1,train,stress_test,-2.4450420383826303,16
stresstest_81_483_value1,train,stress_test,0.727512067058369,16
stresstest_81_801_neutral,train,stress_test,-0.5044973289720197,16
stresstest_82_389_value1,train,stress_test,0.23032864881305018,16
stresstest_82_599_value2,train,stress_test,-3.0980576868325236,16
stresstest_82_865_neutral,train,stress_test,-1.3547114579384427,16
stresstest_82_986_value2,train,stress_test,1.190791066205953,16
stresstest_82_995_neutral,train,stress_test,1.4405874400112768,16
stresstest_83_1213_value1,train,stress_test,-4.193343750001259,16
stresstest_84_1020_neutral,train,stress_test,-3.788137975568285,16
stresstest_84_107_neutral,train,stress_test,-2.3634297392429,16
stresstest_84_1228_value1,train,stress_test,-2.748169256412345,16
stresstest_84_1233_neutral,train,stress_test,-2.72105239540915,16
stresstest_84_127_value2,train,stress_test,-0.37820256325073137,16
stresstest_84_1399_value1,train,stress_test,-1.7183445696223958,16
stresstest_84_1453_value1,train,stress_test,-3.7055420083030826,16
stresstest_84_696_value2,train,stress_test,1.1932802392467274,16
stresstest_85_1108_value1,train,stress_test,-3.630159783750937,16
stresstest_85_1124_value1,train,stress_test,-1.7087704090303018,16
stresstest_85_1238_neutral,train,stress_test,-0.6444006798103129,16
stresstest_85_1409_neutral,train,stress_test,-3.8169232907761756,16
stresstest_85_1465_value1,train,stress_test,-3.591417543152458,16
stresstest_85_331_value2,train,stress_test,-4.188648545378246,16
stresstest_85_338_neutral,train,stress_test,-4.163200566865037,16
stresstest_86_117_value1,train,stress_test,-3.012297397946324,16
stresstest_87_53_value2,train,stress_test,-1.473606124779018,16
stresstest_87_544_value2,train,stress_test,-1.4782710558538799,16
stresstest_87_778_value2,train,stress_test,-3.0953453352709763,16
stresstest_87_920_value2,train,stress_test,-3.4271603524302003,16
stresstest_88_1006_value1,train,stress_test,-3.1056812423972615,16
stresstest_88_1046_neutral,train,stress_test,-4.316357001555568,15
stresstest_88_259_value1,train,stress_test,-0.07779380036416823,16
stresstest_88_453_value2,train,stress_test,-1.6659033944350479,16
stresstest_89_1002_value1,train,stress_test,-3.4384117240004612,15
stresstest_89_663_value1,train,stress_test,-3.2498552605806705,16
stresstest_8_615_value1,train,stress_test,-5.335692435784724,16
stresstest_8_6_value2,train,stress_test,-1.616140507840472,16
stresstest_90_677_value2,train,stress_test,-2.8149357181560375,16
stresstest_91_1239_neutral,train,stress_test,-3.3162181878798824,14
stresstest_91_509_value2,train,stress_test,0.4854789557253233,16
stresstest_91_959_neutral,train,stress_test,-3.8860700062396325,16
stresstest_92_1034_value1,train,stress_test,-1.8238730694232173,16
stresstest_92_1304_value2,train,stress_test,1.7766881908014756,16
stresstest_92_385_neutral,train,stress_test,-3.5082309642919913,14
stresstest_92_743_value1,train,stress_test,-3.6809340909699904,16
stresstest_92_841_neutral,train,stress_test,1.7711295101345912,16
stresstest_93_1254_neutral,train,stress_test,0.5824057999426281,16
stresstest_93_1264_neutral,train,stress_test,-2.9589402015247104,16
stresstest_93_324_value2,train,stress_test,2.245585606775105,16
stresstest_93_578_neutral,train,stress_test,2.563770898043082,16
stresstest_94_1322_value1,train,stress_test,2.492035508194438,16
stresstest_94_734_value1,train,stress_test,-2.335444370706293,16
stresstest_95_1129_neutral,train,stress_test,-2.1441765719621397,16
stresstest_95_1245_neutral,train,stress_test,-1.0066525580063819,16
stresstest_95_1340_value2,train,stress_test,-2.576593523009825,16
stresstest_95_477_value1,train,stress_test,0.061956410922442244,16
stresstest_95_725_neutral,train,stress_test,-1.254636701367803,16
stresstest_96_1236_value1,train,stress_test,-3.706325315214041,16
stresstest_96_441_value1,train,stress_test,-1.78251333769755,16
stresstest_97_421_value1,train,stress_test,2.0619305477254652,16
stresstest_98_241_value2,train,stress_test,1.276893867624864,16
stresstest_98_325_value1,train,stress_test,-2.4161867324603925,16
stresstest_98_37_value2,train,stress_test,-4.254727276762787,12
stresstest_99_1050_neutral,train,stress_test,1.1689814788907558,16
stresstest_99_1162_value2,train,stress_test,2.663350516729147,16
stresstest_99_385_value1,train,stress_test,-2.015590645856874,16
stresstest_99_730_neutral,train,stress_test,-3.625029234599493,16
stresstest_9_725_value2,train,stress_test,-3.6700829611724903,16
wildchat_10032,train,wildchat,0.8310679407475893,16
wildchat_10106,train,wildchat,1.5503396777965976,16
wildchat_10186,train,wildchat,-2.393685211809928,16
wildchat_10240,train,wildchat,-0.1301784536667648,16
wildchat_10292,train,wildchat,0.13260444151470038,16
wildchat_10343,train,wildchat,-0.9835941267403879,16
wildchat_10356,train,wildchat,-3.7902064250472924,16
wildchat_10451,train,wildchat,2.3940351926358248,16
wildchat_10695,train,wildchat,1.8079799229062772,16
wildchat_1107,train,wildchat,0.019745298207252626,16
wildchat_11155,train,wildchat,0.1905947493117345,16
wildchat_11193,train,wildchat,-2.1315210656580925,16
wildchat_11276,train,wildchat,1.8521346139830595,16
wildchat_11411,train,wildchat,-2.029219848029962,16
wildchat_11500,train,wildchat,-0.17663275780840434,16
wildchat_11600,train,wildchat,1.9474546217155482,16
wildchat_11677,train,wildchat,3.0704488397056102,16
wildchat_12051,train,wildchat,3.5094378904750156,16
wildchat_12059,train,wildchat,-1.5316735544432452,16
wildchat_12432,train,wildchat,0.6259847438931381,16
wildchat_12577,train,wildchat,-0.8176847655412568,16
wildchat_13023,train,wildchat,0.35561992793977987,16
wildchat_13217,train,wildchat,0.18934185891290772,16
wildchat_13446,train,wildchat,1.3617214227012082,16
wildchat_13654,train,wildchat,-0.31479745139557813,16
wildchat_14049,train,wildchat,1.0190458786431222,16
wildchat_14203,train,wildchat,3.186434034430255,16
wildchat_14260,train,wildchat,3.2234272220241684,16
wildchat_14262,train,wildchat,1.64413997147492,16
wildchat_14284,train,wildchat,4.19937451301041,16
wildchat_14345,train,wildchat,1.444369501527442,16
wildchat_145,train,wildchat,1.0733981495529472,16
wildchat_14511,train,wildchat,1.5045488213178437,16
wildchat_15085,train,wildchat,3.783025950905588,16
wildchat_15446,train,wildchat,0.37502309287915986,16
wildchat_15484,train,wildchat,-1.9516563984661455,16
wildchat_16033,train,wildchat,1.685066447678753,16
wildchat_16129,train,wildchat,-0.4459538842833031,16
wildchat_16221,train,wildchat,1.7557688194102459,16
wildchat_16266,train,wildchat,1.403898558994816,16
wildchat_16343,train,wildchat,0.0639171084875259,16
wildchat_16366,train,wildchat,-0.08572526861064769,16
wildchat_16404,train,wildchat,0.9336030676983257,16
wildchat_16520,train,wildchat,-0.8452835704778446,16
wildchat_16554,train,wildchat,-0.5301607884502473,16
wildchat_17049,train,wildchat,-0.3637389318884756,16
wildchat_171,train,wildchat,3.779503191051811,16
wildchat_17203,train,wildchat,1.1962860623603024,16
wildchat_17351,train,wildchat,-0.6951302343213148,16
wildchat_17498,train,wildchat,-1.905377651053982,16
wildchat_18030,train,wildchat,-1.7101471334674285,16
wildchat_18100,train,wildchat,3.813634822006465,16
wildchat_18111,train,wildchat,-0.5685529574718345,16
wildchat_18494,train,wildchat,3.7039190472006083,16
wildchat_18558,train,wildchat,2.340809049361465,16
wildchat_19020,train,wildchat,3.080484805528673,16
wildchat_19173,train,wildchat,1.3833879153857223,16
wildchat_19375,train,wildchat,1.190774604188756,16
wildchat_19426,train,wildchat,2.0692090306922224,16
wildchat_19514,train,wildchat,1.719154050033941,16
wildchat_19529,train,wildchat,3.009356076906508,16
wildchat_19656,train,wildchat,2.2188678638708064,16
wildchat_19732,train,wildchat,4.026961405860367,16
wildchat_20004,train,wildchat,1.450256839777153,16
wildchat_20100,train,wildchat,-3.602155737841341,16
wildchat_20128,train,wildchat,0.20372282985082668,16
wildchat_20308,train,wildchat,2.575965059704715,16
wildchat_20347,train,wildchat,3.3310748696652572,16
wildchat_21342,train,wildchat,1.0244301912702105,16
wildchat_21514,train,wildchat,0.14274369963465225,16
wildchat_22115,train,wildchat,0.6249874666870405,16
wildchat_22361,train,wildchat,0.0026960089043054857,16
wildchat_22372,train,wildchat,0.11708247434261977,16
wildchat_22383,train,wildchat,-4.360762433518649,15
wildchat_22386,train,wildchat,4.341744693302865,16
wildchat_22395,train,wildchat,1.8848748168420326,16
wildchat_22474,train,wildchat,2.61275692601165,16
wildchat_22501,train,wildchat,-0.006593010934923114,16
wildchat_22516,train,wildchat,-0.00011636313905718734,16
wildchat_22526,train,wildchat,0.12952220694391875,16
wildchat_22653,train,wildchat,-0.5657371129384594,16
wildchat_23121,train,wildchat,0.20739736488509525,16
wildchat_23122,train,wildchat,-1.0761130807751198,16
wildchat_23166,train,wildchat,3.138387994034649,16
wildchat_23193,train,wildchat,3.0754305798525343,16
wildchat_2337,train,wildchat,2.01388553707909,16
wildchat_23418,train,wildchat,2.865707369921567,16
wildchat_23628,train,wildchat,-2.3499628043463936,16
wildchat_2391,train,wildchat,-1.3337964489789575,16
wildchat_24036,train,wildchat,-1.9973821838824943,16
wildchat_24432,train,wildchat,1.4385057514471393,16
wildchat_24645,train,wildchat,3.1912527398526613,16
wildchat_2487,train,wildchat,-0.05262573676825603,16
wildchat_25557,train,wildchat,2.1109571027657354,16
wildchat_25597,train,wildchat,0.30607159757094143,16
wildchat_25698,train,wildchat,1.4902402860874855,16
wildchat_26040,train,wildchat,-1.2899868604673208,16
wildchat_26067,train,wildchat,2.221761221912204,16
wildchat_26148,train,wildchat,-0.44000578615212305,16
wildchat_26232,train,wildchat,0.7182495481635569,16
wildchat_26245,train,wildchat,-0.48841466648148646,16
wildchat_26396,train,wildchat,-0.4518372824148775,16
wildchat_26415,train,wildchat,2.562877641116941,16
wildchat_26468,train,wildchat,2.1460845124268313,16
wildchat_26478,train,wildchat,1.5329188392415545,16
wildchat_27132,train,wildchat,-1.4285922805611166,16
wildchat_27289,train,wildchat,0.4953945351251286,16
wildchat_27449,train,wildchat,-2.9768459054152916,16
wildchat_27535,train,wildchat,2.3726111644391126,16
wildchat_27620,train,wildchat,2.948051562975445,16
wildchat_28034,train,wildchat,1.9427650601595694,16
wildchat_28141,train,wildchat,4.647197108056262,16
wildchat_28179,train,wildchat,-1.6651579302414083,16
wildchat_28206,train,wildchat,0.0530761646401221,16
wildchat_28287,train,wildchat,1.4854914047147771,16
wildchat_28564,train,wildchat,-1.1281613786257476,16
wildchat_28598,train,wildchat,-2.357359432856597,16
wildchat_28619,train,wildchat,-1.4061234310792783,16
wildchat_29261,train,wildchat,-2.5504352208465373,16
wildchat_29426,train,wildchat,-1.0465470690775753,16
wildchat_29431,train,wildchat,-0.38096455094973164,16
wildchat_29498,train,wildchat,0.7882361646202615,16
wildchat_30034,train,wildchat,3.538556531944827,16
wildchat_30088,train,wildchat,1.4464032309260975,16
wildchat_30164,train,wildchat,1.6215274935289954,16
wildchat_30291,train,wildchat,0.7383547635752875,16
wildchat_30298,train,wildchat,0.8959023481267147,16
wildchat_30434,train,wildchat,-1.5695356218231515,16
wildchat_30462,train,wildchat,2.57540385907074,16
wildchat_30581,train,wildchat,1.9465318205898696,16
wildchat_30652,train,wildchat,0.5568202963600736,16
wildchat_30670,train,wildchat,-1.6068089855860428,16
wildchat_31069,train,wildchat,-0.06374754389442003,16
wildchat_31094,train,wildchat,1.0951578889037765,16
wildchat_3116,train,wildchat,3.0481257190390525,16
wildchat_31287,train,wildchat,2.9488554939897953,16
wildchat_31300,train,wildchat,1.1267484552562865,16
wildchat_3139,train,wildchat,3.3972957004845608,16
wildchat_31499,train,wildchat,2.657036233726345,16
wildchat_31607,train,wildchat,2.1156705159457623,16
wildchat_31693,train,wildchat,2.127956560780977,16
wildchat_32125,train,wildchat,0.14288260682658066,16
wildchat_32141,train,wildchat,-0.5065520436914366,16
wildchat_32182,train,wildchat,-0.23337220565350325,16
wildchat_3225,train,wildchat,-0.10570422491144274,16
wildchat_32525,train,wildchat,-0.38669640025955343,16
wildchat_32636,train,wildchat,2.769184049107527,16
wildchat_3271,train,wildchat,1.1121328478773436,16
wildchat_32711,train,wildchat,0.6973481679381736,16
wildchat_33048,train,wildchat,0.1617117488953975,16
wildchat_33214,train,wildchat,-1.4747426636499734,16
wildchat_33304,train,wildchat,2.7237675574442086,16
wildchat_33350,train,wildchat,3.598287431927142,16
wildchat_33461,train,wildchat,-2.6856410848676058,16
wildchat_33593,train,wildchat,1.9799762963243372,16
wildchat_33659,train,wildchat,-0.7058967310751069,16
wildchat_34047,train,wildchat,1.9939832465314649,16
wildchat_34244,train,wildchat,-0.15501027132061057,16
wildchat_3427,train,wildchat,-1.0677574617651033,16
wildchat_34476,train,wildchat,3.146526033158757,16
wildchat_34582,train,wildchat,0.39331304816297025,16
wildchat_35047,train,wildchat,1.021106115636335,16
wildchat_35075,train,wildchat,-0.7316687600104436,16
wildchat_35112,train,wildchat,3.8469884404707444,16
wildchat_35265,train,wildchat,2.257125300517183,16
wildchat_35388,train,wildchat,3.300471407302039,16
wildchat_35534,train,wildchat,0.6783220634801377,16
wildchat_36033,train,wildchat,-0.8853558420134207,16
wildchat_3605,train,wildchat,3.132526816042777,16
wildchat_36246,train,wildchat,-2.1438999571220387,16
wildchat_36307,train,wildchat,1.0436802761852484,16
wildchat_36461,train,wildchat,0.32877543781274804,14
wildchat_36493,train,wildchat,-3.450872566159196,16
wildchat_3650,train,wildchat,2.091297278499002,16
wildchat_36514,train,wildchat,-0.41811551852839407,16
wildchat_3656,train,wildchat,1.9389430945895527,16
wildchat_3691,train,wildchat,0.37778327903934183,16
wildchat_37018,train,wildchat,-1.175634598773471,16
wildchat_37680,train,wildchat,2.645189437178938,16
wildchat_37716,train,wildchat,3.220593662143391,16
wildchat_38041,train,wildchat,3.5197344532902886,16
wildchat_38339,train,wildchat,3.638270668075403,16
wildchat_38384,train,wildchat,0.7327466757715336,16
wildchat_39058,train,wildchat,-2.363355467775442,16
wildchat_39078,train,wildchat,2.558871676297311,16
wildchat_39155,train,wildchat,2.924617853320048,16
wildchat_39314,train,wildchat,1.8786993150381108,16
wildchat_39501,train,wildchat,0.6930675420052617,16
wildchat_40026,train,wildchat,1.851858540238413,16
wildchat_40108,train,wildchat,-1.0257347526969915,16
wildchat_40322,train,wildchat,3.238907253722283,14
wildchat_4034,train,wildchat,-2.578043758019123,16
wildchat_40388,train,wildchat,0.6257263125528097,16
wildchat_40406,train,wildchat,1.2897166351304001,16
wildchat_40593,train,wildchat,1.8809938479986794,16
wildchat_4061,train,wildchat,4.659092491803457,16
wildchat_40670,train,wildchat,2.277528191260065,16
wildchat_40677,train,wildchat,-1.4350481092948126,16
wildchat_41118,train,wildchat,0.24224601100018103,16
wildchat_41230,train,wildchat,-2.1703192764769534,16
wildchat_41274,train,wildchat,4.8168119546681565,16
wildchat_41320,train,wildchat,-0.15874956248427463,16
wildchat_4134,train,wildchat,-1.8897605495692869,16
wildchat_41447,train,wildchat,1.9933638361013795,16
wildchat_41466,train,wildchat,2.8264559566082106,16
wildchat_41491,train,wildchat,1.2324101695505068,16
wildchat_42011,train,wildchat,2.865619159472834,16
wildchat_4210,train,wildchat,-2.0019415476144267,16
wildchat_422,train,wildchat,2.6621592055395227,16
wildchat_42228,train,wildchat,-1.2892880360901346,16
wildchat_42494,train,wildchat,-2.8928016540483257,16
wildchat_42527,train,wildchat,1.0045108436924832,16
wildchat_42595,train,wildchat,0.2076376074449008,16
wildchat_42675,train,wildchat,-0.30386865138135655,16
wildchat_4285,train,wildchat,3.4631595706847276,16
wildchat_43093,train,wildchat,-0.569276144110422,16
wildchat_43094,train,wildchat,2.072394135234765,16
wildchat_43120,train,wildchat,2.5574285666449823,16
wildchat_43236,train,wildchat,-0.5399574518801421,16
wildchat_43286,train,wildchat,-0.17190546485467803,16
wildchat_43297,train,wildchat,1.6062631588512637,14
wildchat_4345,train,wildchat,2.7908063051016705,16
wildchat_4353,train,wildchat,3.292981393671474,16
wildchat_43638,train,wildchat,0.4113094843924353,16
wildchat_44073,train,wildchat,2.5949114531970117,16
wildchat_44141,train,wildchat,2.448219034564631,16
wildchat_44265,train,wildchat,-2.096746647659878,16
wildchat_44418,train,wildchat,-3.0486708647666965,16
wildchat_44419,train,wildchat,1.0780098490839705,16
wildchat_44437,train,wildchat,-1.0205390977142572,16
wildchat_45062,train,wildchat,1.5101443746932537,16
wildchat_45081,train,wildchat,0.9448255288736538,16
wildchat_45141,train,wildchat,2.5268800540348026,16
wildchat_45152,train,wildchat,0.3183444662794715,14
wildchat_45191,train,wildchat,3.4847364191044243,16
wildchat_45261,train,wildchat,0.6042876664400785,16
wildchat_45262,train,wildchat,1.752469650509107,16
wildchat_45281,train,wildchat,2.882768406293545,16
wildchat_45307,train,wildchat,-0.5688742277910518,16
wildchat_45421,train,wildchat,2.726057124813604,16
wildchat_45433,train,wildchat,-0.9595737984511249,16
wildchat_45546,train,wildchat,0.7651258409898621,16
wildchat_45696,train,wildchat,2.8175830325252202,16
wildchat_4612,train,wildchat,-4.935483885256512,16
wildchat_46123,train,wildchat,2.814244603573676,16
wildchat_46245,train,wildchat,0.27147530048568447,16
wildchat_4640,train,wildchat,0.204945896021854,16
wildchat_46571,train,wildchat,0.5989372898282862,16
wildchat_46711,train,wildchat,4.56065330832434,16
wildchat_47051,train,wildchat,-1.7834767213906184,16
wildchat_47116,train,wildchat,-2.210168762573749,16
wildchat_47232,train,wildchat,0.891321153818136,16
wildchat_47281,train,wildchat,1.6554382305560746,16
wildchat_47355,train,wildchat,0.36406368277855394,16
wildchat_47681,train,wildchat,1.821138155312431,16
wildchat_47694,train,wildchat,0.5720366902371277,16
wildchat_48167,train,wildchat,1.43253371725842,16
wildchat_48235,train,wildchat,1.3116379804475793,16
wildchat_48329,train,wildchat,1.5908306840205786,16
wildchat_48436,train,wildchat,-1.7599993466183328,16
wildchat_48670,train,wildchat,-0.29463080724095125,16
wildchat_49025,train,wildchat,-0.43467412074255485,16
wildchat_49060,train,wildchat,-0.2748095848112248,16
wildchat_49318,train,wildchat,-5.369611487077137,16
wildchat_49470,train,wildchat,1.8898903714886373,16
wildchat_49575,train,wildchat,0.1646666101369269,16
wildchat_49578,train,wildchat,1.8822935128454032,14
wildchat_49604,train,wildchat,2.2420699195918705,16
wildchat_50043,train,wildchat,1.5823424095060707,16
wildchat_50286,train,wildchat,1.5697291224913976,16
wildchat_50297,train,wildchat,2.2287945442627906,16
wildchat_5036,train,wildchat,1.665706446210242,16
wildchat_50529,train,wildchat,2.6315208776909205,16
wildchat_50709,train,wildchat,3.047770611945293,16
wildchat_5120,train,wildchat,2.6590574004780474,16
wildchat_51256,train,wildchat,2.8302609950748887,16
wildchat_51262,train,wildchat,1.3416595022892948,16
wildchat_5127,train,wildchat,2.6708726529325792,16
wildchat_51322,train,wildchat,-0.6178837423880674,16
wildchat_51561,train,wildchat,0.5994216527918489,16
wildchat_52067,train,wildchat,1.6285099257349875,16
wildchat_52287,train,wildchat,4.32723589711533,16
wildchat_523,train,wildchat,1.6529654579258588,16
wildchat_52310,train,wildchat,4.114614152153988,16
wildchat_52324,train,wildchat,-4.079550002822339,16
wildchat_52408,train,wildchat,2.7730316637372567,16
wildchat_52606,train,wildchat,2.385804982225597,16
wildchat_52611,train,wildchat,0.40293866162029834,16
wildchat_5272,train,wildchat,2.3180022505584055,16
wildchat_53092,train,wildchat,-1.3399883086396038,16
wildchat_53100,train,wildchat,-0.8475549149109862,16
wildchat_53481,train,wildchat,-1.3486378557044179,16
wildchat_5352,train,wildchat,-2.505652155194233,16
wildchat_53688,train,wildchat,-1.8252891455867957,16
wildchat_54069,train,wildchat,1.8763723516034834,16
wildchat_54134,train,wildchat,0.08374562453810701,16
wildchat_54173,train,wildchat,-0.3952570626666663,16
wildchat_5425,train,wildchat,3.7879473338579484,16
wildchat_54278,train,wildchat,-0.9604752396303177,16
wildchat_54290,train,wildchat,1.2611562632391544,16
wildchat_54403,train,wildchat,-2.595485739644951,16
wildchat_54459,train,wildchat,0.9567447978602327,16
wildchat_54460,train,wildchat,-1.1057723006081919,16
wildchat_55035,train,wildchat,3.066087135271303,16
wildchat_55051,train,wildchat,1.2955610256603278,16
wildchat_55157,train,wildchat,-0.6482604598554504,16
wildchat_55163,train,wildchat,2.4161317776520708,16
wildchat_5532,train,wildchat,-0.9856589842118398,16
wildchat_55323,train,wildchat,0.9068201006855591,16
wildchat_5545,train,wildchat,-2.2146328053938755,16
wildchat_55459,train,wildchat,2.4506551145256616,16
wildchat_55477,train,wildchat,2.8688845015522286,16
wildchat_55487,train,wildchat,-3.219357501578769,16
wildchat_55519,train,wildchat,4.546702981304083,16
wildchat_55663,train,wildchat,1.3826685049746528,16
wildchat_56225,train,wildchat,3.080023870728274,16
wildchat_56299,train,wildchat,0.4863473947293177,16
wildchat_56413,train,wildchat,-0.2956049336470127,16
wildchat_56656,train,wildchat,-0.9141438589752102,16
wildchat_56661,train,wildchat,2.1352107989082896,16
wildchat_57012,train,wildchat,0.10699469967072156,16
wildchat_57017,train,wildchat,0.08788178006558635,16
wildchat_57591,train,wildchat,-0.17938318255006183,16
wildchat_57634,train,wildchat,3.037948249285672,16
wildchat_57635,train,wildchat,2.092493704676637,16
wildchat_57643,train,wildchat,-1.8427909941910205,16
wildchat_57701,train,wildchat,1.6321663911539959,16
wildchat_57720,train,wildchat,0.8563097624273027,16
wildchat_58163,train,wildchat,2.8669200944525195,16
wildchat_58467,train,wildchat,3.032419448313346,16
wildchat_58488,train,wildchat,-0.3308308965822297,16
wildchat_58696,train,wildchat,3.8152582372618875,16
wildchat_59001,train,wildchat,0.23475777955675764,16
wildchat_59120,train,wildchat,-3.4808695922854787,16
wildchat_59171,train,wildchat,2.8826740889139963,16
wildchat_59200,train,wildchat,1.7714097887783509,16
wildchat_59220,train,wildchat,3.3983052466609007,16
wildchat_59382,train,wildchat,0.6046256899296953,16
wildchat_59492,train,wildchat,1.8334621169410104,16
wildchat_59497,train,wildchat,-2.658741690028605,16
wildchat_59528,train,wildchat,-1.2004230155666102,16
wildchat_59647,train,wildchat,-0.06543214527934199,16
wildchat_60025,train,wildchat,-0.6682663079434695,16
wildchat_60034,train,wildchat,3.3320235971369576,16
wildchat_60095,train,wildchat,-0.2950693888219681,16
wildchat_60174,train,wildchat,3.3213137669068438,16
wildchat_60187,train,wildchat,-0.8283430935697884,16
wildchat_60415,train,wildchat,1.4080761624588474,16
wildchat_60554,train,wildchat,-1.7985264280433393,16
wildchat_60651,train,wildchat,3.0163498878953985,16
wildchat_6096,train,wildchat,0.5406734168307352,16
wildchat_61023,train,wildchat,0.07630644910040967,16
wildchat_61079,train,wildchat,1.110289048258891,16
wildchat_61217,train,wildchat,-1.1719811393549706,16
wildchat_61225,train,wildchat,2.267211586456356,16
wildchat_61282,train,wildchat,-0.6677253765963848,16
wildchat_6149,train,wildchat,-0.13332981041288813,16
wildchat_61558,train,wildchat,2.544789191588674,16
wildchat_62000,train,wildchat,-0.1492183736234716,16
wildchat_62069,train,wildchat,0.2137691534465202,16
wildchat_62073,train,wildchat,-0.5639257549057547,16
wildchat_62151,train,wildchat,2.436993784581012,16
wildchat_62588,train,wildchat,2.3134588720780074,16
wildchat_62656,train,wildchat,3.522032495652473,16
wildchat_63018,train,wildchat,-0.2525767717380795,16
wildchat_63091,train,wildchat,3.2188937880027746,16
wildchat_63153,train,wildchat,2.535873878887231,16
wildchat_63245,train,wildchat,2.7862677520667742,16
wildchat_63255,train,wildchat,3.8706734754419108,16
wildchat_63388,train,wildchat,-2.575494573243714,16
wildchat_63605,train,wildchat,0.4764980976003602,16
wildchat_63667,train,wildchat,3.0063382039293916,16
wildchat_640,train,wildchat,3.2526029400282637,16
wildchat_64181,train,wildchat,4.166261125229064,16
wildchat_64196,train,wildchat,-0.6900011251066872,16
wildchat_64236,train,wildchat,0.23241326110894162,16
wildchat_64330,train,wildchat,-2.6363144001088386,16
wildchat_64341,train,wildchat,2.1083065418980524,16
wildchat_65005,train,wildchat,-4.404660004459104,16
wildchat_65017,train,wildchat,-1.3929905224062626,16
wildchat_65027,train,wildchat,1.5918730328489574,16
wildchat_65112,train,wildchat,-0.3596370818297977,16
wildchat_65115,train,wildchat,1.1563162777550737,16
wildchat_65118,train,wildchat,-0.017654399414362153,16
wildchat_65145,train,wildchat,2.670961214242596,16
wildchat_65194,train,wildchat,2.0906127081378205,16
wildchat_65529,train,wildchat,0.6981419553130485,16
wildchat_65624,train,wildchat,2.688011134195006,16
wildchat_65678,train,wildchat,-2.067174770623013,16
wildchat_65686,train,wildchat,0.9505073479113209,16
wildchat_6574,train,wildchat,0.5164385843213555,16
wildchat_66064,train,wildchat,2.0207182795913448,16
wildchat_66135,train,wildchat,1.7079522351015506,16
wildchat_663,train,wildchat,2.4756591435644832,16
wildchat_66360,train,wildchat,1.5701792500955687,16
wildchat_66485,train,wildchat,1.6912695512550817,16
wildchat_66552,train,wildchat,-0.8685112919272734,16
wildchat_6662,train,wildchat,0.09709102051316856,16
wildchat_66666,train,wildchat,3.2866645635132685,16
wildchat_67031,train,wildchat,2.5528851512241064,16
wildchat_67104,train,wildchat,2.0793482612903076,16
wildchat_67225,train,wildchat,2.1177449608534076,16
wildchat_67287,train,wildchat,2.8864039455664994,16
wildchat_67291,train,wildchat,3.053092588888311,16
wildchat_67296,train,wildchat,-2.8369969987539667,16
wildchat_67450,train,wildchat,3.607195682511818,16
wildchat_67477,train,wildchat,-1.2777100629828577,16
wildchat_67689,train,wildchat,3.086066721048591,16
wildchat_68044,train,wildchat,0.5675006863321548,16
wildchat_68127,train,wildchat,2.0819205544549093,16
wildchat_68213,train,wildchat,-2.8771314864330066,16
wildchat_68241,train,wildchat,-0.37161375227135973,16
wildchat_68499,train,wildchat,3.4835201057664533,16
wildchat_686,train,wildchat,2.1624611078124767,16
wildchat_68730,train,wildchat,3.1497173779493153,16
wildchat_69103,train,wildchat,3.5599841104621506,16
wildchat_69275,train,wildchat,-4.168171926846872,16
wildchat_69308,train,wildchat,3.1339698402058467,16
wildchat_69509,train,wildchat,0.915475939548433,16
wildchat_69598,train,wildchat,1.1080055618139992,16
wildchat_70018,train,wildchat,-1.5875956391095647,16
wildchat_70094,train,wildchat,-0.8539659317575679,16
wildchat_70253,train,wildchat,1.5538546065509524,16
wildchat_70292,train,wildchat,-1.709261894057309,16
wildchat_7040,train,wildchat,2.016886380241908,16
wildchat_70557,train,wildchat,-1.3579462582215307,16
wildchat_70563,train,wildchat,1.9137723727704217,16
wildchat_70573,train,wildchat,-1.313584728707429,16
wildchat_70686,train,wildchat,-0.4046586909115056,16
wildchat_70690,train,wildchat,-0.002407732480492626,16
wildchat_71016,train,wildchat,-1.1559343231164665,16
wildchat_71255,train,wildchat,2.388405956245486,16
wildchat_71280,train,wildchat,-0.7404859616469449,16
wildchat_71445,train,wildchat,0.4952874666267199,16
wildchat_71471,train,wildchat,-0.6387756339594546,16
wildchat_72001,train,wildchat,2.6886449760693565,16
wildchat_72127,train,wildchat,1.4891663820944543,16
wildchat_72316,train,wildchat,1.8010435894216168,16
wildchat_72321,train,wildchat,1.3637574240713308,16
wildchat_7233,train,wildchat,-0.9006651893718914,16
wildchat_72493,train,wildchat,2.297868228313134,16
wildchat_72516,train,wildchat,1.9755962271488365,16
wildchat_72532,train,wildchat,2.6556996250948597,16
wildchat_72579,train,wildchat,-0.6157683444664407,16
wildchat_72656,train,wildchat,1.1960452491124303,16
wildchat_72673,train,wildchat,-0.19929869807171344,16
wildchat_72687,train,wildchat,2.3837834947622736,16
wildchat_72716,train,wildchat,1.1009770797943743,16
wildchat_73001,train,wildchat,2.666622592782917,16
wildchat_73047,train,wildchat,3.5217000589603904,16
wildchat_73120,train,wildchat,3.211096144352494,16
wildchat_73235,train,wildchat,2.281684523549993,16
wildchat_73430,train,wildchat,3.4407808200807577,16
wildchat_73478,train,wildchat,3.3873903683838695,16
wildchat_73488,train,wildchat,3.458847015874406,16
wildchat_73499,train,wildchat,-1.0839561040401229,16
wildchat_73505,train,wildchat,2.457335726670372,16
wildchat_73678,train,wildchat,1.1711791810819843,16
wildchat_74198,train,wildchat,2.000375908505451,16
wildchat_74563,train,wildchat,-1.889810184523228,16
wildchat_75190,train,wildchat,-1.3400717788827823,16
wildchat_75208,train,wildchat,2.765447911718953,16
wildchat_75308,train,wildchat,1.9755079027138267,16
wildchat_75352,train,wildchat,1.0563280144330929,16
wildchat_75381,train,wildchat,2.4744892604509765,16
wildchat_75436,train,wildchat,0.5905985976796764,16
wildchat_76207,train,wildchat,-1.1533587721496394,16
wildchat_76267,train,wildchat,2.35051973601294,16
wildchat_76422,train,wildchat,-1.0889798158766637,16
wildchat_76453,train,wildchat,-0.7301445602512062,16
wildchat_76469,train,wildchat,2.305663081470611,16
wildchat_76480,train,wildchat,1.7874301077802894,16
wildchat_77130,train,wildchat,3.663922905556874,16
wildchat_77256,train,wildchat,-1.4699805638133916,16
wildchat_77449,train,wildchat,1.6145496507656325,16
wildchat_77479,train,wildchat,-0.9134418625474979,16
wildchat_77681,train,wildchat,2.5895882822931777,16
wildchat_78011,train,wildchat,2.542035308281524,16
wildchat_78093,train,wildchat,-3.3295232501461203,16
wildchat_78238,train,wildchat,-1.3725426797075102,16
wildchat_78272,train,wildchat,1.3075683352718508,16
wildchat_78339,train,wildchat,-3.0319345616537445,16
wildchat_78345,train,wildchat,2.763961549829637,16
wildchat_78450,train,wildchat,1.8613703647397326,16
wildchat_78500,train,wildchat,0.2898244922877552,16
wildchat_78504,train,wildchat,1.4956931003433582,16
wildchat_78525,train,wildchat,-0.9412014392506656,16
wildchat_78535,train,wildchat,0.8695496001193694,14
wildchat_78643,train,wildchat,2.619441298187894,16
wildchat_78691,train,wildchat,-0.44468561685802793,16
wildchat_79007,train,wildchat,-0.9763959940470661,14
wildchat_79031,train,wildchat,-1.4925305172821872,16
wildchat_79033,train,wildchat,2.8308494428228426,16
wildchat_79151,train,wildchat,3.1121415565299526,16
wildchat_79171,train,wildchat,2.9406733647029175,16
wildchat_79265,train,wildchat,0.1689479075519509,16
wildchat_79412,train,wildchat,1.1415236226239203,16
wildchat_79437,train,wildchat,2.684285997364914,16
wildchat_79491,train,wildchat,1.576520682704111,16
wildchat_79516,train,wildchat,0.17359638839131875,16
wildchat_79517,train,wildchat,2.5981204015176664,16
wildchat_79523,train,wildchat,1.9438231152917425,16
wildchat_79688,train,wildchat,0.3640392172200056,16
wildchat_8107,train,wildchat,-2.323927525054524,16
wildchat_8111,train,wildchat,1.585734285824679,16
wildchat_9087,train,wildchat,0.9783396344775628,16
wildchat_9248,train,wildchat,2.524841282163816,16
wildchat_9422,train,wildchat,0.9584645491155641,16
wildchat_9612,train,wildchat,1.620880931818955,16
alpaca_10018,eval,alpaca,-1.0947501104546515,16
alpaca_10078,eval,alpaca,2.195722854716761,16
alpaca_10084,eval,alpaca,-1.3519547559468994,16
alpaca_10119,eval,alpaca,-1.2100179605360932,16
alpaca_10174,eval,alpaca,-1.2142330906533596,16
alpaca_10220,eval,alpaca,-1.1615982824390263,16
alpaca_10244,eval,alpaca,-0.9334152009630523,16
alpaca_10290,eval,alpaca,-1.406683512322079,16
alpaca_10471,eval,alpaca,-0.47369789963729897,16
alpaca_10481,eval,alpaca,-0.7881987042670434,16
alpaca_10502,eval,alpaca,-3.3294499430307405,16
alpaca_10510,eval,alpaca,1.0566504525437879,16
alpaca_10542,eval,alpaca,-1.2223389366947464,16
alpaca_1055,eval,alpaca,1.5755095269938006,14
alpaca_10596,eval,alpaca,-1.249169624470576,16
alpaca_10619,eval,alpaca,-1.4545782910898233,16
alpaca_10756,eval,alpaca,-0.9251096205167622,16
alpaca_10861,eval,alpaca,-0.30515062102738144,16
alpaca_10920,eval,alpaca,-0.537072746376806,16
alpaca_10922,eval,alpaca,1.9079173355650971,16
alpaca_11004,eval,alpaca,0.4006005443296948,16
alpaca_11058,eval,alpaca,0.28321062399330776,16
alpaca_11066,eval,alpaca,0.23005753660596057,16
alpaca_1118,eval,alpaca,1.4755670329272812,16
alpaca_1123,eval,alpaca,-0.8525936847177085,16
alpaca_11346,eval,alpaca,-0.0882043994389319,16
alpaca_11398,eval,alpaca,0.5567870130829599,16
alpaca_11561,eval,alpaca,0.7456009830479647,16
alpaca_11733,eval,alpaca,-1.2363917865954817,16
alpaca_11841,eval,alpaca,-0.603039094096959,16
alpaca_11899,eval,alpaca,-2.1607561861162323,16
alpaca_11950,eval,alpaca,0.5302214090892984,16
alpaca_12113,eval,alpaca,-0.08860467752215485,16
alpaca_1220,eval,alpaca,0.06078579726138355,16
alpaca_12220,eval,alpaca,-2.457977723841451,16
alpaca_12233,eval,alpaca,-1.4885727419443402,16
alpaca_12299,eval,alpaca,-0.6956975515835476,16
alpaca_12311,eval,alpaca,0.6339708065633634,14
alpaca_12334,eval,alpaca,0.13886062191220858,16
alpaca_12416,eval,alpaca,1.4522399918845608,16
alpaca_12470,eval,alpaca,1.4558777623993269,16
alpaca_12471,eval,alpaca,-0.6855774873855803,16
alpaca_12506,eval,alpaca,-0.751717908917455,16
alpaca_12531,eval,alpaca,-0.9431377848684819,16
alpaca_12590,eval,alpaca,-1.9349866244369336,16
alpaca_1260,eval,alpaca,1.1030369907354516,16
alpaca_1262,eval,alpaca,-1.116437100077614,16
alpaca_12625,eval,alpaca,-2.178819135003837,16
alpaca_12646,eval,alpaca,-1.1470765863474148,16
alpaca_12740,eval,alpaca,-1.382272141221871,16
alpaca_12861,eval,alpaca,0.06774249914589076,16
alpaca_12891,eval,alpaca,2.342335136930476,16
alpaca_1292,eval,alpaca,-1.806129823868521,16
alpaca_13216,eval,alpaca,0.5901023876658092,16
alpaca_13270,eval,alpaca,1.9589161386775957,16
alpaca_13308,eval,alpaca,0.2515167718253471,16
alpaca_13309,eval,alpaca,0.3136557344275554,16
alpaca_13353,eval,alpaca,0.36044617453485744,16
alpaca_13605,eval,alpaca,-1.1415000902181938,16
alpaca_13641,eval,alpaca,1.1527384562392635,16
alpaca_13667,eval,alpaca,0.08587232834029986,16
alpaca_13696,eval,alpaca,-2.1621025931150495,16
alpaca_13747,eval,alpaca,2.569817304326181,16
alpaca_13790,eval,alpaca,-0.5845829981074455,16
alpaca_1384,eval,alpaca,2.455142200722798,16
alpaca_13906,eval,alpaca,-1.8041380067861885,16
alpaca_13910,eval,alpaca,0.035844858063739014,16
alpaca_13936,eval,alpaca,0.9946601976307224,16
alpaca_13962,eval,alpaca,0.518280246915653,16
alpaca_14072,eval,alpaca,1.210884207985997,16
alpaca_14166,eval,alpaca,1.010160319958096,16
alpaca_14201,eval,alpaca,0.6590589004805887,16
alpaca_14204,eval,alpaca,2.6077976387002453,16
alpaca_14218,eval,alpaca,-3.16519044810833,16
alpaca_14241,eval,alpaca,0.6547203707500916,16
alpaca_14366,eval,alpaca,-0.4044726723052909,16
alpaca_14377,eval,alpaca,-0.9609203762656312,16
alpaca_14405,eval,alpaca,1.0083612014464618,16
alpaca_14409,eval,alpaca,-1.9734556284165943,16
alpaca_14443,eval,alpaca,-1.1189604173572623,16
alpaca_14539,eval,alpaca,-0.34136469053097157,16
alpaca_14543,eval,alpaca,-0.11188243906857716,16
alpaca_14544,eval,alpaca,2.6697054575931944,16
alpaca_14552,eval,alpaca,0.8217758432488752,16
alpaca_14595,eval,alpaca,0.8228853876746575,16
alpaca_14638,eval,alpaca,0.7792837809577313,16
alpaca_14652,eval,alpaca,2.5856239653174042,16
alpaca_14692,eval,alpaca,0.7114455370519027,16
alpaca_14752,eval,alpaca,1.5795250314432392,16
alpaca_14768,eval,alpaca,0.8558482580582388,16
alpaca_1523,eval,alpaca,-0.22870668653764542,16
alpaca_1630,eval,alpaca,0.5469766888004454,16
alpaca_1635,eval,alpaca,1.3017172016243188,16
alpaca_1699,eval,alpaca,-2.8205282170224204,16
alpaca_172,eval,alpaca,0.7898056502052269,16
alpaca_1750,eval,alpaca,0.5091641265977611,16
alpaca_1826,eval,alpaca,1.373877886468827,16
alpaca_1891,eval,alpaca,1.3606125270513958,16
alpaca_1934,eval,alpaca,2.8000043122192664,16
alpaca_2065,eval,alpaca,0.027713408775532068,16
alpaca_2079,eval,alpaca,-1.0268438425517346,16
alpaca_2081,eval,alpaca,0.5468368697404372,16
alpaca_21,eval,alpaca,0.4875309452346677,16
alpaca_2262,eval,alpaca,0.6218099639340917,16
alpaca_2304,eval,alpaca,0.43005022618500566,16
alpaca_2375,eval,alpaca,0.42704525221395623,16
alpaca_2440,eval,alpaca,-0.9962403175864993,16
alpaca_2688,eval,alpaca,-0.027639282234250287,16
alpaca_270,eval,alpaca,-0.5260064884134416,16
alpaca_2707,eval,alpaca,2.6455855364872245,16
alpaca_2723,eval,alpaca,-0.665142188316063,16
alpaca_2871,eval,alpaca,1.5986879008128794,16
alpaca_2877,eval,alpaca,-1.4475954000303914,16
alpaca_2889,eval,alpaca,0.5120123246120339,16
alpaca_2893,eval,alpaca,-0.27824992243325364,16
alpaca_2907,eval,alpaca,0.9921939656708242,16
alpaca_2910,eval,alpaca,-1.623526876600664,16
alpaca_2932,eval,alpaca,2.251611562492513,16
alpaca_2991,eval,alpaca,0.20542772590201636,16
alpaca_3032,eval,alpaca,-1.820500040980172,16
alpaca_3096,eval,alpaca,-0.5875588320398328,16
alpaca_3111,eval,alpaca,0.21203234176010297,16
alpaca_3208,eval,alpaca,-1.3556297473925005,14
alpaca_3226,eval,alpaca,0.20251808078487588,16
alpaca_3248,eval,alpaca,-0.046489431103309074,16
alpaca_3264,eval,alpaca,1.4048101831137227,16
alpaca_3449,eval,alpaca,-0.6806481704839131,16
alpaca_3565,eval,alpaca,-0.24300910872994308,16
alpaca_3643,eval,alpaca,-1.5664411680810677,16
alpaca_3650,eval,alpaca,2.8050308885115967,16
alpaca_3663,eval,alpaca,2.116239835318196,16
alpaca_3679,eval,alpaca,-0.10410730263725568,16
alpaca_3720,eval,alpaca,1.1798692614850026,16
alpaca_3734,eval,alpaca,-0.09298612488727874,14
alpaca_3749,eval,alpaca,1.4088787688995819,16
alpaca_3768,eval,alpaca,0.5766099206697854,16
alpaca_3822,eval,alpaca,1.123148878778587,16
alpaca_4065,eval,alpaca,-0.6703901796741648,16
alpaca_4163,eval,alpaca,0.16884297859021757,16
alpaca_4252,eval,alpaca,-0.23766406548336264,16
alpaca_4262,eval,alpaca,-1.1892769472045361,16
alpaca_427,eval,alpaca,-1.3271644227641257,16
alpaca_430,eval,alpaca,-2.7474341115734067,16
alpaca_4328,eval,alpaca,-1.4228382154243817,16
alpaca_4371,eval,alpaca,-1.904331688797363,16
alpaca_4383,eval,alpaca,-0.21609764849198485,16
alpaca_4403,eval,alpaca,0.8400787217753238,16
alpaca_4510,eval,alpaca,1.0937794733235797,16
alpaca_4626,eval,alpaca,1.4294415741351318,16
alpaca_47,eval,alpaca,-0.2437363403126033,16
alpaca_4793,eval,alpaca,-0.7939702110879232,16
alpaca_4828,eval,alpaca,0.2048942428177763,16
alpaca_4838,eval,alpaca,0.010647793021473685,16
alpaca_4929,eval,alpaca,0.2867119772287078,16
alpaca_4944,eval,alpaca,1.0246830442667125,16
alpaca_5015,eval,alpaca,0.5932490133212881,16
alpaca_5037,eval,alpaca,1.1473160609874093,16
alpaca_5073,eval,alpaca,0.406983037671522,16
alpaca_5197,eval,alpaca,-0.8812557431930967,16
alpaca_530,eval,alpaca,-1.004483742441433,16
alpaca_5319,eval,alpaca,0.7466631758648522,16
alpaca_5341,eval,alpaca,-0.23429918350242587,16
alpaca_5462,eval,alpaca,1.117122547040218,16
alpaca_5484,eval,alpaca,-1.8030331436114355,16
alpaca_5524,eval,alpaca,0.6368734939460828,16
alpaca_5644,eval,alpaca,1.2935816959726594,16
alpaca_5653,eval,alpaca,1.8391496884703722,16
alpaca_5748,eval,alpaca,1.1150037907740227,16
alpaca_5771,eval,alpaca,0.5587169036348718,16
alpaca_579,eval,alpaca,-1.613624590922872,16
alpaca_5811,eval,alpaca,1.0205437652217801,16
alpaca_5883,eval,alpaca,-0.13423429553207178,16
alpaca_5939,eval,alpaca,-0.973155072571805,16
alpaca_5943,eval,alpaca,1.418091278746695,16
alpaca_5953,eval,alpaca,-1.1792691599574885,16
alpaca_5957,eval,alpaca,-0.9885639300824984,16
alpaca_596,eval,alpaca,0.7303745724549291,16
alpaca_5994,eval,alpaca,0.11867663002398522,16
alpaca_6092,eval,alpaca,0.8866369945134694,16
alpaca_6123,eval,alpaca,-0.2896956090030325,16
alpaca_616,eval,alpaca,-0.23735160514623332,16
alpaca_6169,eval,alpaca,0.3245779876891518,16
alpaca_6301,eval,alpaca,-0.2805277964152062,16
alpaca_6358,eval,alpaca,-2.235066947592528,16
alpaca_6534,eval,alpaca,-0.2111052774506926,16
alpaca_6777,eval,alpaca,-0.5166108674406993,16
alpaca_6875,eval,alpaca,-0.14702036582331368,16
alpaca_6896,eval,alpaca,-2.3701622964113254,16
alpaca_6992,eval,alpaca,0.4073464703150948,16
alpaca_7027,eval,alpaca,2.295243013851969,16
alpaca_7034,eval,alpaca,0.0493498838386141,16
alpaca_7079,eval,alpaca,0.4199960948584521,16
alpaca_7108,eval,alpaca,-0.6665616564701604,16
alpaca_7181,eval,alpaca,0.34032426917482655,16
alpaca_7256,eval,alpaca,-0.1371847039859744,16
alpaca_728,eval,alpaca,0.3513823662814049,16
alpaca_7327,eval,alpaca,1.1838057508142887,16
alpaca_7328,eval,alpaca,1.3005834073033178,16
alpaca_735,eval,alpaca,0.4943989786128793,16
alpaca_7364,eval,alpaca,-1.9281934852471128,16
alpaca_738,eval,alpaca,-0.00016791426586657205,16
alpaca_7381,eval,alpaca,0.5036294708705419,16
alpaca_74,eval,alpaca,-0.7845284470483779,16
alpaca_7401,eval,alpaca,1.0666482543277362,16
alpaca_745,eval,alpaca,0.3977387970787768,16
alpaca_7506,eval,alpaca,-0.7061439714765735,16
alpaca_7520,eval,alpaca,0.4502202184834984,16
alpaca_7585,eval,alpaca,-1.1779436446521372,16
alpaca_7586,eval,alpaca,-0.2021923856368472,16
alpaca_7603,eval,alpaca,0.44104777726820676,16
alpaca_7604,eval,alpaca,-0.944288873583225,16
alpaca_7609,eval,alpaca,-0.06880217519475175,16
alpaca_772,eval,alpaca,0.7472855314206766,16
alpaca_7952,eval,alpaca,2.499686629743643,16
alpaca_8050,eval,alpaca,-0.6058273540939646,16
alpaca_8064,eval,alpaca,1.1879444055497148,16
alpaca_8072,eval,alpaca,0.56469498737087,16
alpaca_8140,eval,alpaca,-1.1754029384085365,16
alpaca_8169,eval,alpaca,-0.08661146788816795,16
alpaca_8179,eval,alpaca,1.6658163533660915,16
alpaca_8285,eval,alpaca,1.1642102796898646,16
alpaca_8288,eval,alpaca,-0.47340721763883065,16
alpaca_8310,eval,alpaca,0.4264104973724672,16
alpaca_8363,eval,alpaca,2.5341018941779563,16
alpaca_8441,eval,alpaca,-0.9077892634029663,16
alpaca_8634,eval,alpaca,0.47602010818588986,16
alpaca_8734,eval,alpaca,-0.7973347386203923,16
alpaca_8744,eval,alpaca,-0.0313688527101235,16
alpaca_8758,eval,alpaca,1.7139647316839444,16
alpaca_8773,eval,alpaca,1.4920802740216659,16
alpaca_89,eval,alpaca,-0.9140549152532493,16
alpaca_892,eval,alpaca,-0.9005177340661784,16
alpaca_8935,eval,alpaca,0.8993911827596798,16
alpaca_8956,eval,alpaca,0.21493515125484514,16
alpaca_9023,eval,alpaca,-0.6343939585993081,16
alpaca_908,eval,alpaca,0.6153523946234474,16
alpaca_9260,eval,alpaca,-1.9772298698548383,16
alpaca_9300,eval,alpaca,-1.086380819565482,16
alpaca_9313,eval,alpaca,2.0465210923131574,16
alpaca_9341,eval,alpaca,-1.805693718273232,16
alpaca_944,eval,alpaca,-0.9464881584850423,16
alpaca_9472,eval,alpaca,-0.7827472124918707,16
alpaca_9626,eval,alpaca,1.1050333451050975,16
alpaca_9661,eval,alpaca,0.6056035551598836,16
alpaca_9685,eval,alpaca,-0.23417001566591486,16
alpaca_9715,eval,alpaca,0.8795132312034513,16
alpaca_9739,eval,alpaca,-1.4133825702160971,16
alpaca_9740,eval,alpaca,-1.3213384956028555,16
alpaca_9851,eval,alpaca,1.3892063941079793,16
alpaca_9902,eval,alpaca,0.5151497076038067,16
bailbench_0,eval,bailbench,-3.002151481241906,16
bailbench_102,eval,bailbench,-4.39254571531652,16
bailbench_103,eval,bailbench,-2.057125112961813,16
bailbench_1032,eval,bailbench,-4.548380186404017,16
bailbench_1038,eval,bailbench,-3.9984801183612038,15
bailbench_1042,eval,bailbench,-3.2064002007997376,15
bailbench_1049,eval,bailbench,-4.631934397159294,12
bailbench_1050,eval,bailbench,-4.0926702168465185,14
bailbench_1075,eval,bailbench,-3.753843219117056,16
bailbench_1095,eval,bailbench,-3.7613377351641684,14
bailbench_1127,eval,bailbench,-5.177254115428943,16
bailbench_1139,eval,bailbench,-3.5947898321915104,15
bailbench_1157,eval,bailbench,-2.831682273996605,14
bailbench_1170,eval,bailbench,-4.7471181921084815,15
bailbench_1175,eval,bailbench,-2.5819233278770786,14
bailbench_1181,eval,bailbench,-3.3516449085308655,16
bailbench_1184,eval,bailbench,-2.5183524331691487,12
bailbench_1231,eval,bailbench,-3.521869781702843,14
bailbench_1238,eval,bailbench,-4.130247653576963,16
bailbench_1242,eval,bailbench,-3.992037919517808,15
bailbench_1244,eval,bailbench,-4.05662231556393,14
bailbench_1296,eval,bailbench,-4.223703115040258,13
bailbench_1300,eval,bailbench,-3.6657476457647693,10
bailbench_1306,eval,bailbench,-4.565164509437141,16
bailbench_131,eval,bailbench,-2.564959042091058,14
bailbench_1318,eval,bailbench,-3.332719601536177,12
bailbench_1366,eval,bailbench,-3.633024274611069,12
bailbench_1399,eval,bailbench,-3.9950418079899537,16
bailbench_1418,eval,bailbench,-4.205301608894612,14
bailbench_1421,eval,bailbench,-3.7846909613635673,14
bailbench_1439,eval,bailbench,-2.853668548920995,15
bailbench_1462,eval,bailbench,-3.273230927602679,14
bailbench_148,eval,bailbench,-2.7381703897912804,16
bailbench_1488,eval,bailbench,-4.246817448080199,14
bailbench_15,eval,bailbench,0.6188639453831986,16
bailbench_1519,eval,bailbench,-3.668990915228502,15
bailbench_1561,eval,bailbench,-3.358829571114012,13
bailbench_1566,eval,bailbench,-3.839837704732951,16
bailbench_1578,eval,bailbench,-3.8166031322191407,12
bailbench_1579,eval,bailbench,-4.930422016935973,14
bailbench_1581,eval,bailbench,-3.3741420419644177,12
bailbench_1604,eval,bailbench,-2.4309967780321364,11
bailbench_1608,eval,bailbench,-2.9249319595673056,12
bailbench_1617,eval,bailbench,-4.237962629816554,14
bailbench_186,eval,bailbench,-3.02700273410534,13
bailbench_192,eval,bailbench,-3.622988789550374,14
bailbench_199,eval,bailbench,-3.5330289403468016,14
bailbench_20,eval,bailbench,-3.772031682021234,16
bailbench_204,eval,bailbench,-3.5108543617754355,14
bailbench_208,eval,bailbench,-3.386747652025911,12
bailbench_21,eval,bailbench,-2.9793100543311564,16
bailbench_23,eval,bailbench,2.448615066296965,16
bailbench_244,eval,bailbench,-3.317688110744389,14
bailbench_252,eval,bailbench,-4.196770723020523,16
bailbench_267,eval,bailbench,-4.311243607291597,15
bailbench_268,eval,bailbench,-3.1375372619440722,15
bailbench_270,eval,bailbench,-4.085588737733366,16
bailbench_276,eval,bailbench,-2.9105105572534735,15
bailbench_321,eval,bailbench,-3.7050446625971363,16
bailbench_370,eval,bailbench,-3.61791086625199,16
bailbench_389,eval,bailbench,-2.7890042597070552,14
bailbench_432,eval,bailbench,-2.959257298462063,13
bailbench_462,eval,bailbench,-2.46646763125526,16
bailbench_474,eval,bailbench,1.2818935117883064,16
bailbench_500,eval,bailbench,-4.600414483420622,12
bailbench_519,eval,bailbench,-4.0315180344927635,15
bailbench_522,eval,bailbench,-2.771739910657264,13
bailbench_526,eval,bailbench,-4.269267308853818,15
bailbench_543,eval,bailbench,-4.318422055036479,12
bailbench_547,eval,bailbench,-3.9969909518576814,14
bailbench_550,eval,bailbench,-3.397401893980721,16
bailbench_578,eval,bailbench,-3.944306720701011,16
bailbench_58,eval,bailbench,-3.7781225040898434,16
bailbench_60,eval,bailbench,-4.070082647017205,16
bailbench_617,eval,bailbench,-4.16966781357998,13
bailbench_619,eval,bailbench,-3.854689194245849,16
bailbench_626,eval,bailbench,-2.975054200445228,16
bailbench_633,eval,bailbench,-3.973004112680988,16
bailbench_656,eval,bailbench,-2.8732493162523025,13
bailbench_671,eval,bailbench,-3.395738103450076,14
bailbench_672,eval,bailbench,-3.4514249886698463,15
bailbench_680,eval,bailbench,-4.181805815188662,14
bailbench_692,eval,bailbench,-4.196777450538437,12
bailbench_693,eval,bailbench,-5.152813897585335,14
bailbench_715,eval,bailbench,-3.9096057228453893,16
bailbench_717,eval,bailbench,-3.483373650937264,14
bailbench_722,eval,bailbench,-4.653265871186849,14
bailbench_737,eval,bailbench,3.6812678980272224,16
bailbench_75,eval,bailbench,-1.3026307785158209,16
bailbench_753,eval,bailbench,-3.0818613632288447,16
bailbench_796,eval,bailbench,-3.5015641127557577,16
bailbench_808,eval,bailbench,-3.6119094300291295,16
bailbench_835,eval,bailbench,-3.7690210357424836,14
bailbench_851,eval,bailbench,-0.7089580978322616,16
bailbench_854,eval,bailbench,-3.895788138429463,16
bailbench_861,eval,bailbench,-4.075524612942928,16
bailbench_875,eval,bailbench,-4.995523312138337,16
bailbench_906,eval,bailbench,-4.028179054158966,16
bailbench_932,eval,bailbench,-4.732450037617295,16
bailbench_947,eval,bailbench,-4.051161185643727,14
bailbench_954,eval,bailbench,-3.8872579836120464,16
competition_math_10063,eval,math,2.118314512251138,16
competition_math_10074,eval,math,1.3280855681906314,16
competition_math_10287,eval,math,-1.1433036018856768,16
competition_math_10357,eval,math,0.8752012015090006,16
competition_math_10365,eval,math,3.0918092232724,16
competition_math_10462,eval,math,1.0521877154349346,16
competition_math_10467,eval,math,1.62753734156826,16
competition_math_10473,eval,math,0.3254709229539548,16
competition_math_1063,eval,math,0.9312719276772341,16
competition_math_10724,eval,math,3.5997289232349616,16
competition_math_10744,eval,math,1.7976628852672927,16
competition_math_10761,eval,math,-0.7761844050410446,16
competition_math_10770,eval,math,-0.495090858544245,16
competition_math_10797,eval,math,1.8126545767336675,16
competition_math_10826,eval,math,2.4758298274688397,16
competition_math_10852,eval,math,1.7373399123664024,16
competition_math_10976,eval,math,1.2503002557801,16
competition_math_11010,eval,math,2.4883287435478514,16
competition_math_11117,eval,math,2.725620459232199,16
competition_math_1114,eval,math,0.614934981007904,16
competition_math_11240,eval,math,0.7682643538333255,16
competition_math_11276,eval,math,2.3207406237810733,16
competition_math_11307,eval,math,1.3135765731688056,16
competition_math_11350,eval,math,2.375834341670959,16
competition_math_11426,eval,math,0.8260957084997418,16
competition_math_11501,eval,math,0.9594796465998987,16
competition_math_11551,eval,math,1.3938422862079585,16
competition_math_11569,eval,math,1.4284099666163725,16
competition_math_11586,eval,math,0.22251494646248557,16
competition_math_11607,eval,math,0.1376385571775789,16
competition_math_11627,eval,math,1.4426997806211663,16
competition_math_11660,eval,math,1.2936816002137441,16
competition_math_11707,eval,math,-0.1170636985271149,16
competition_math_11727,eval,math,1.7807421194392923,16
competition_math_1179,eval,math,3.3771791119700145,16
competition_math_11808,eval,math,2.6276556981083172,16
competition_math_11837,eval,math,1.445530406841214,16
competition_math_11925,eval,math,1.8872877474295693,16
competition_math_12029,eval,math,1.4995238006636995,16
competition_math_12181,eval,math,0.11999301304453396,16
competition_math_12189,eval,math,2.925724769646766,16
competition_math_12192,eval,math,-2.70639608170019,16
competition_math_12257,eval,math,1.5290002803769116,16
competition_math_12262,eval,math,0.7733540700777456,16
competition_math_12280,eval,math,1.3127021166705168,16
competition_math_12317,eval,math,1.689885303752806,16
competition_math_12322,eval,math,0.058133786598068254,16
competition_math_12323,eval,math,1.3653467309115113,16
competition_math_12436,eval,math,0.28549198380981744,16
competition_math_1244,eval,math,-0.9841345326979823,16
competition_math_129,eval,math,0.8259077069614215,16
competition_math_1310,eval,math,0.4268363364223408,16
competition_math_1348,eval,math,1.8775834569905931,16
competition_math_1421,eval,math,2.779885864785627,16
competition_math_1486,eval,math,0.9676334021678143,16
competition_math_1510,eval,math,2.079183665578647,16
competition_math_1515,eval,math,-0.3862623314689352,16
competition_math_1540,eval,math,3.100045507339544,16
competition_math_1594,eval,math,3.3165198057045426,16
competition_math_1605,eval,math,0.8664185454745205,16
competition_math_1631,eval,math,1.0610527094334465,16
competition_math_1651,eval,math,0.9355669996227052,16
competition_math_1681,eval,math,0.2984766237625679,16
competition_math_1761,eval,math,2.2683592161067683,16
competition_math_1762,eval,math,2.7230172535716624,16
competition_math_1824,eval,math,1.5214581616780125,16
competition_math_183,eval,math,1.834032529380749,16
competition_math_1878,eval,math,1.8659814687440972,16
competition_math_1902,eval,math,1.25461255367636,16
competition_math_197,eval,math,2.2065009115381566,16
competition_math_2119,eval,math,3.614769044839698,16
competition_math_2131,eval,math,0.5051945239463463,16
competition_math_222,eval,math,-0.913637444455608,16
competition_math_2260,eval,math,2.773781919483955,16
competition_math_2294,eval,math,0.7485389355211697,16
competition_math_23,eval,math,2.9018218792584447,16
competition_math_2511,eval,math,1.836372829228303,16
competition_math_2608,eval,math,-1.6994828359093848,16
competition_math_2627,eval,math,2.05678824624486,16
competition_math_2629,eval,math,1.2482118877921684,16
competition_math_2742,eval,math,2.401483467617479,16
competition_math_2756,eval,math,2.0629847311077607,16
competition_math_2794,eval,math,1.5725104373553798,16
competition_math_2816,eval,math,1.630853883302029,16
competition_math_2859,eval,math,-0.4938820669862099,16
competition_math_2937,eval,math,1.0629979836190113,16
competition_math_2955,eval,math,0.6366440076172752,16
competition_math_2960,eval,math,1.4681137018828414,16
competition_math_3086,eval,math,2.1932348872050396,16
competition_math_3097,eval,math,0.2861830304497242,16
competition_math_3149,eval,math,2.3315190397939616,16
competition_math_3152,eval,math,3.597038921815853,16
competition_math_3171,eval,math,2.914288599382316,16
competition_math_3174,eval,math,0.17879337373887533,16
competition_math_3217,eval,math,1.2175035381305082,16
competition_math_3281,eval,math,1.9962157838842827,16
competition_math_3302,eval,math,1.1302856295657746,16
competition_math_331,eval,math,1.2994889911922347,16
competition_math_3310,eval,math,2.1908979282474745,16
competition_math_3329,eval,math,0.9311412151591276,14
competition_math_3361,eval,math,0.3673157552709398,16
competition_math_3427,eval,math,-0.4166404687401879,16
competition_math_3495,eval,math,1.325809895940906,16
competition_math_3528,eval,math,0.23774876901089578,16
competition_math_3551,eval,math,1.7320167765078847,16
competition_math_36,eval,math,2.1062271349094805,16
competition_math_3607,eval,math,2.9569907662792803,16
competition_math_3629,eval,math,1.6641318397134681,16
competition_math_3662,eval,math,2.377217772915716,16
competition_math_373,eval,math,1.95878298651549,16
competition_math_3738,eval,math,1.2323425843295033,16
competition_math_3739,eval,math,1.5867899612070104,16
competition_math_3750,eval,math,1.4543160818497967,16
competition_math_3769,eval,math,1.743542109458707,16
competition_math_3832,eval,math,2.549027807343324,16
competition_math_3951,eval,math,1.1853711280302968,16
competition_math_3996,eval,math,0.5103875938432348,14
competition_math_4002,eval,math,1.1509631052278497,16
competition_math_410,eval,math,-0.2051686151089233,16
competition_math_4142,eval,math,0.5811611363243289,16
competition_math_416,eval,math,0.6029238005797783,16
competition_math_4231,eval,math,1.39543256116724,16
competition_math_4256,eval,math,1.676331129094008,16
competition_math_4265,eval,math,2.8494187856508546,16
competition_math_4315,eval,math,1.7733109020191151,16
competition_math_4368,eval,math,2.6256923576291737,16
competition_math_4414,eval,math,2.5262283767030227,16
competition_math_4433,eval,math,1.4944465255633408,16
competition_math_4484,eval,math,-0.1984186752794764,16
competition_math_4525,eval,math,2.8845386915384794,16
competition_math_4532,eval,math,1.179760871557986,16
competition_math_4557,eval,math,1.1840584396940919,16
competition_math_4575,eval,math,1.8077214133380524,16
competition_math_4615,eval,math,2.515740332378275,16
competition_math_4660,eval,math,1.636508861219681,16
competition_math_4677,eval,math,2.4471651908028376,16
competition_math_4720,eval,math,1.6888844209158207,16
competition_math_4758,eval,math,0.7357236144812702,16
competition_math_4818,eval,math,2.436498850749344,16
competition_math_4884,eval,math,0.8762105696338827,16
competition_math_4904,eval,math,1.4731653272501972,16
competition_math_491,eval,math,-1.2048215865418999,16
competition_math_4921,eval,math,2.0761185901228667,16
competition_math_4938,eval,math,-0.2559349634024341,16
competition_math_4981,eval,math,2.9874312031179757,16
competition_math_5005,eval,math,0.41500682950546464,16
competition_math_5037,eval,math,1.3414368335674873,16
competition_math_5084,eval,math,2.237506391821521,16
competition_math_5093,eval,math,0.6819941694702396,16
competition_math_5165,eval,math,0.8498087613896348,16
competition_math_5269,eval,math,1.5313566088365136,16
competition_math_5440,eval,math,-0.4563809665244249,16
competition_math_5446,eval,math,1.8879269375444336,16
competition_math_5484,eval,math,2.35972749594391,16
competition_math_5560,eval,math,3.7937121911536096,16
competition_math_5602,eval,math,-0.4574685133801733,16
competition_math_5623,eval,math,-1.9389645440905843,16
competition_math_5665,eval,math,1.87549602819867,16
competition_math_5669,eval,math,2.7159631943989173,16
competition_math_5673,eval,math,0.3706476643647508,16
competition_math_5722,eval,math,2.4802513350822024,16
competition_math_5733,eval,math,0.5018082739200668,16
competition_math_5924,eval,math,2.920469419072315,16
competition_math_605,eval,math,0.4995746925613863,16
competition_math_6051,eval,math,1.4320431105648779,16
competition_math_6107,eval,math,0.017818089597650737,16
competition_math_6178,eval,math,1.4685295589906464,16
competition_math_6226,eval,math,1.6236790221885322,16
competition_math_630,eval,math,-0.6974829698708261,16
competition_math_6330,eval,math,2.745899902793309,16
competition_math_6333,eval,math,1.7054115536980428,16
competition_math_6354,eval,math,2.6343200851300703,16
competition_math_6356,eval,math,2.4885380854019576,16
competition_math_6377,eval,math,2.8251122676307276,16
competition_math_6392,eval,math,2.4247299503092408,16
competition_math_641,eval,math,1.1291758155194567,16
competition_math_6528,eval,math,1.6306995759033636,16
competition_math_6540,eval,math,-1.0709101538150996,16
competition_math_6623,eval,math,0.24383724659653475,16
competition_math_6680,eval,math,0.7366798582037819,16
competition_math_6710,eval,math,-0.5723985752853182,16
competition_math_673,eval,math,3.071528251550298,16
competition_math_6876,eval,math,0.9509147868185618,16
competition_math_6943,eval,math,-0.18043835866840832,16
competition_math_6953,eval,math,1.085324282546448,16
competition_math_7037,eval,math,1.304492232394664,16
competition_math_7111,eval,math,1.837816646381589,16
competition_math_7116,eval,math,1.0950243400971238,16
competition_math_7128,eval,math,3.542195256420035,16
competition_math_7212,eval,math,-0.337179554060188,16
competition_math_7279,eval,math,2.6018247123487237,16
competition_math_7290,eval,math,1.2264289365408336,16
competition_math_7312,eval,math,2.6119701042793144,16
competition_math_7383,eval,math,2.203409898781716,16
competition_math_7391,eval,math,0.542602839459349,16
competition_math_7442,eval,math,0.6024422410254823,16
competition_math_7472,eval,math,1.313590233548663,16
competition_math_7633,eval,math,2.6823538308934274,16
competition_math_769,eval,math,2.2829755555852085,16
competition_math_7739,eval,math,2.1305894578241964,16
competition_math_7788,eval,math,2.8224533740248208,16
competition_math_7888,eval,math,2.2412616212062813,16
competition_math_8017,eval,math,1.4612863832730418,16
competition_math_8096,eval,math,3.4910511334751386,16
competition_math_8138,eval,math,2.385779988122583,16
competition_math_8150,eval,math,-0.2463639791333343,16
competition_math_8158,eval,math,1.4373597066279655,16
competition_math_8195,eval,math,1.5403961794278382,16
competition_math_8324,eval,math,-0.16237507108050778,16
competition_math_8404,eval,math,2.493191254158864,16
competition_math_8430,eval,math,3.12542684995578,14
competition_math_8446,eval,math,2.0475288320190055,16
competition_math_8458,eval,math,0.020532012073493526,16
competition_math_8513,eval,math,2.626831435544155,16
competition_math_8590,eval,math,1.941941747203296,16
competition_math_8640,eval,math,-0.6060220431824472,16
competition_math_8681,eval,math,2.192291058800685,16
competition_math_8777,eval,math,1.0588337562222256,16
competition_math_879,eval,math,-1.1811587237422225,16
competition_math_8829,eval,math,1.6620209042854466,16
competition_math_8997,eval,math,2.840514834859479,16
competition_math_9071,eval,math,0.4128515892039015,16
competition_math_9083,eval,math,1.0795460344930654,16
competition_math_9164,eval,math,2.3251420257085207,16
competition_math_9252,eval,math,2.977561381707153,16
competition_math_9324,eval,math,0.5265972262876225,16
competition_math_9344,eval,math,3.7585515887771965,16
competition_math_9352,eval,math,0.2852768930586872,16
competition_math_9407,eval,math,2.8999476324059783,16
competition_math_9408,eval,math,-1.0154362076704149,16
competition_math_941,eval,math,1.8083861053450565,16
competition_math_9426,eval,math,2.028117140509257,16
competition_math_9439,eval,math,1.985913006306873,16
competition_math_9527,eval,math,3.1076794942207413,16
competition_math_9545,eval,math,2.5950769009143837,16
competition_math_9548,eval,math,1.1196117148280886,16
competition_math_9584,eval,math,0.6369264688370605,16
competition_math_9589,eval,math,2.3948450144025393,16
competition_math_9608,eval,math,2.277351937478531,16
competition_math_9657,eval,math,1.2201441566673117,16
competition_math_9663,eval,math,0.0596057084255142,16
competition_math_9782,eval,math,2.692249315936418,16
competition_math_9788,eval,math,1.2335331590511585,16
competition_math_9807,eval,math,0.444695323452163,16
competition_math_9828,eval,math,2.94716322378422,16
competition_math_9888,eval,math,0.2569404537009856,16
competition_math_9893,eval,math,2.5151020574470806,16
competition_math_9922,eval,math,0.9689725463962162,16
stresstest_0_1338_value1,eval,stress_test,-3.9931437934138767,16
stresstest_10_662_value1,eval,stress_test,-4.1962148610795795,16
stresstest_10_894_value1,eval,stress_test,1.060217669083626,16
stresstest_11_1283_value2,eval,stress_test,0.7886717967630091,16
stresstest_11_538_neutral,eval,stress_test,-3.8687579735797466,15
stresstest_11_917_neutral,eval,stress_test,-2.1788894030934434,16
stresstest_12_1194_neutral,eval,stress_test,-4.272252385878878,16
stresstest_12_170_neutral,eval,stress_test,-3.6233996271096043,16
stresstest_13_825_neutral,eval,stress_test,-4.17892951691557,16
stresstest_14_1289_neutral,eval,stress_test,-0.3006974765507466,16
stresstest_14_1397_neutral,eval,stress_test,-3.041755969701419,16
stresstest_14_860_neutral,eval,stress_test,2.2351567284511527,16
stresstest_14_889_value1,eval,stress_test,-2.650065832279233,16
stresstest_16_97_value1,eval,stress_test,-0.357688870479629,16
stresstest_17_1188_neutral,eval,stress_test,-2.9141294224963685,16
stresstest_17_1470_value2,eval,stress_test,-3.94157483367369,16
stresstest_17_888_neutral,eval,stress_test,1.3663452155939289,16
stresstest_19_1021_value2,eval,stress_test,2.0361094057282423,16
stresstest_19_42_neutral,eval,stress_test,-4.167328002784966,14
stresstest_1_764_neutral,eval,stress_test,0.902372519864784,16
stresstest_21_46_value1,eval,stress_test,-5.020767441028068,16
stresstest_22_665_neutral,eval,stress_test,-3.9186631151512743,16
stresstest_23_1252_neutral,eval,stress_test,-4.591635674760759,16
stresstest_23_386_value2,eval,stress_test,0.5774139276063012,16
stresstest_24_714_value2,eval,stress_test,2.61957322157383,16
stresstest_25_1360_neutral,eval,stress_test,-0.993397874090294,16
stresstest_25_380_value2,eval,stress_test,-4.20426734258124,16
stresstest_26_1443_value2,eval,stress_test,-1.0902692446576454,16
stresstest_27_1202_neutral,eval,stress_test,-4.123413836635516,15
stresstest_29_734_value2,eval,stress_test,-2.534042670597888,16
stresstest_2_1188_neutral,eval,stress_test,0.5695761023256526,16
stresstest_2_759_neutral,eval,stress_test,-4.041681100781899,15
stresstest_30_563_value1,eval,stress_test,-1.185921142651443,16
stresstest_30_710_value1,eval,stress_test,-4.527095221853361,16
stresstest_31_652_value1,eval,stress_test,-4.84752874174145,16
stresstest_31_750_value2,eval,stress_test,-2.165185270874631,16
stresstest_33_1151_value2,eval,stress_test,-3.6898277313093755,15
stresstest_34_263_value1,eval,stress_test,0.8650820949692388,16
stresstest_34_476_value2,eval,stress_test,-2.5935976594136085,16
stresstest_35_1181_value2,eval,stress_test,-2.3168436124302842,15
stresstest_35_137_value1,eval,stress_test,1.8124704940960215,16
stresstest_36_1384_neutral,eval,stress_test,-0.6101692791478,16
stresstest_36_1385_value2,eval,stress_test,0.8307808977357085,16
stresstest_36_633_value2,eval,stress_test,-4.943099851302222,16
stresstest_37_1009_value2,eval,stress_test,1.6474046375201232,16
stresstest_37_778_value1,eval,stress_test,-2.915712513329378,16
stresstest_38_569_neutral,eval,stress_test,-3.0998281353936776,16
stresstest_3_135_value1,eval,stress_test,-3.1194731349674205,16
stresstest_40_484_value1,eval,stress_test,-4.082996585853128,16
stresstest_40_749_value2,eval,stress_test,0.35126373463651284,16
stresstest_42_533_neutral,eval,stress_test,-3.0641340204113146,16
stresstest_42_959_neutral,eval,stress_test,-2.325715978062814,16
stresstest_43_1367_value2,eval,stress_test,-3.008628959147195,16
stresstest_43_235_value2,eval,stress_test,-0.23898588605980578,16
stresstest_43_28_value1,eval,stress_test,-0.05541771579963991,16
stresstest_43_666_value1,eval,stress_test,2.2142981888253632,16
stresstest_45_1075_value2,eval,stress_test,-3.7336331449039943,16
stresstest_45_398_value2,eval,stress_test,-1.3873488406156986,14
stresstest_46_1340_value2,eval,stress_test,-1.6384731848373588,16
stresstest_46_1342_neutral,eval,stress_test,-1.3577510423739745,16
stresstest_46_1382_value2,eval,stress_test,-4.290063253116926,14
stresstest_46_872_value2,eval,stress_test,-1.6612494489992753,16
stresstest_47_960_neutral,eval,stress_test,-4.301077596040382,16
stresstest_49_42_neutral,eval,stress_test,-3.4327940820548477,14
stresstest_49_523_value2,eval,stress_test,0.9301767241964496,16
stresstest_50_1001_value2,eval,stress_test,-1.3831384523961863,16
stresstest_50_893_value1,eval,stress_test,-3.856643006708241,16
stresstest_52_750_neutral,eval,stress_test,-1.0851975820066564,16
stresstest_53_456_value1,eval,stress_test,-3.8104210573794646,16
stresstest_54_1249_neutral,eval,stress_test,0.7495228245843923,16
stresstest_54_1291_value2,eval,stress_test,-3.635877265405976,16
stresstest_55_848_neutral,eval,stress_test,-2.6519596395352267,16
stresstest_56_305_value2,eval,stress_test,-2.8293611368301907,16
stresstest_56_854_value1,eval,stress_test,-2.7043234667353584,16
stresstest_56_855_value2,eval,stress_test,-2.955785723681905,16
stresstest_57_763_neutral,eval,stress_test,-3.795245110516708,16
stresstest_57_943_value1,eval,stress_test,-2.7298531162427673,16
stresstest_58_1012_value2,eval,stress_test,-2.051513857389495,16
stresstest_58_336_neutral,eval,stress_test,-2.210947470820973,16
stresstest_58_685_neutral,eval,stress_test,0.2975915292683834,16
stresstest_58_919_value1,eval,stress_test,-3.7060033590902925,16
stresstest_59_134_value1,eval,stress_test,1.8740758755126365,16
stresstest_5_728_value2,eval,stress_test,-1.5723309204400484,16
stresstest_61_728_value2,eval,stress_test,-3.4050504987717445,16
stresstest_61_847_value1,eval,stress_test,-4.19177236702214,16
stresstest_62_248_value1,eval,stress_test,-2.020422349590195,16
stresstest_62_499_value2,eval,stress_test,-0.19312859989533301,16
stresstest_64_353_value2,eval,stress_test,1.0849272906332876,16
stresstest_64_430_value1,eval,stress_test,-1.465328465930285,16
stresstest_66_270_value2,eval,stress_test,-2.0768712240213025,16
stresstest_66_323_value1,eval,stress_test,-1.2936164682679128,16
stresstest_66_346_value1,eval,stress_test,-3.295213957957171,16
stresstest_67_1074_value2,eval,stress_test,-4.120677527918954,16
stresstest_67_1213_neutral,eval,stress_test,-3.7699429014704857,16
stresstest_67_1315_value2,eval,stress_test,-2.5097236754910517,16
stresstest_67_527_value1,eval,stress_test,-2.342200168821065,16
stresstest_67_950_value2,eval,stress_test,1.9048174436117773,16
stresstest_68_939_value2,eval,stress_test,-3.070936620288078,14
stresstest_6_1105_value2,eval,stress_test,-2.1407625511494857,16
stresstest_6_22_value2,eval,stress_test,-3.6166653099150756,15
stresstest_70_209_value1,eval,stress_test,-0.2218014774469179,16
stresstest_71_25_value2,eval,stress_test,-1.8436572439370091,16
stresstest_72_1174_value1,eval,stress_test,-2.5935548606489576,16
stresstest_73_1084_value1,eval,stress_test,0.8308392066261153,16
stresstest_73_253_value2,eval,stress_test,-0.7847513653944111,16
stresstest_73_989_value1,eval,stress_test,0.23458297438412987,16
stresstest_75_232_neutral,eval,stress_test,-2.9138575444472514,16
stresstest_76_1316_value1,eval,stress_test,-0.7063563586522024,16
stresstest_76_893_value1,eval,stress_test,-3.8407318498814966,16
stresstest_77_504_neutral,eval,stress_test,-3.094693236390807,16
stresstest_78_1430_neutral,eval,stress_test,-4.238277911394058,16
stresstest_79_418_neutral,eval,stress_test,-4.021794857380514,16
stresstest_79_675_value1,eval,stress_test,-3.3393716249188463,16
stresstest_7_958_value1,eval,stress_test,-2.512275660331037,16
stresstest_80_1119_neutral,eval,stress_test,-3.2833794464774613,16
stresstest_80_121_value2,eval,stress_test,-0.19439052205195925,16
stresstest_81_24_value1,eval,stress_test,0.25030263959953625,16
stresstest_82_156_value2,eval,stress_test,1.598993977739068,16
stresstest_82_495_value1,eval,stress_test,0.2913728873340402,16
stresstest_83_1251_value2,eval,stress_test,-1.5217253378926459,16
stresstest_84_1131_value2,eval,stress_test,2.2080515564798713,16
stresstest_86_582_neutral,eval,stress_test,-2.437485088804538,16
stresstest_86_651_neutral,eval,stress_test,-3.5661657818876082,16
stresstest_87_376_neutral,eval,stress_test,-1.6384625740961114,16
stresstest_89_745_value1,eval,stress_test,2.645639520740184,16
stresstest_89_907_neutral,eval,stress_test,1.7158500387029563,16
stresstest_8_165_neutral,eval,stress_test,-1.458400590432225,16
stresstest_90_128_neutral,eval,stress_test,-3.0351558939818126,16
stresstest_90_1446_value2,eval,stress_test,-1.1340140328898147,16
stresstest_91_710_value1,eval,stress_test,1.4608624061924915,16
stresstest_92_170_neutral,eval,stress_test,-4.081900680121552,16
stresstest_92_8_value1,eval,stress_test,-3.771817716662386,16
stresstest_93_1115_neutral,eval,stress_test,-1.937931830441521,16
stresstest_93_13_neutral,eval,stress_test,-3.715810722299397,16
stresstest_93_1432_value1,eval,stress_test,-1.0793787992573904,16
stresstest_93_762_neutral,eval,stress_test,-2.578806100038508,16
stresstest_94_1400_value2,eval,stress_test,0.6345063865293715,16
stresstest_94_305_value2,eval,stress_test,-4.199843762378992,16
stresstest_94_321_value2,eval,stress_test,0.41856957264120126,16
stresstest_95_1222_value1,eval,stress_test,0.9922170174676221,16
stresstest_95_281_value1,eval,stress_test,-3.209961001091882,16
stresstest_95_511_neutral,eval,stress_test,-2.5976646457550716,16
stresstest_98_1318_value2,eval,stress_test,1.4889184042656127,16
stresstest_99_1189_value1,eval,stress_test,-2.5574871607979612,16
stresstest_99_802_value2,eval,stress_test,-2.989016693215486,16
wildchat_1003,eval,wildchat,2.1011492244036987,16
wildchat_10147,eval,wildchat,1.241174892518288,16
wildchat_10152,eval,wildchat,1.78609219013166,16
wildchat_10199,eval,wildchat,2.220474029892767,16
wildchat_10470,eval,wildchat,0.1595768791429784,16
wildchat_11075,eval,wildchat,1.6700226625888808,16
wildchat_11197,eval,wildchat,2.1678672362430143,16
wildchat_1190,eval,wildchat,2.596125139135614,16
wildchat_12151,eval,wildchat,-1.5589448456576154,16
wildchat_12253,eval,wildchat,1.1668548079038954,16
wildchat_12302,eval,wildchat,2.2125467071458766,16
wildchat_12373,eval,wildchat,4.663168769522781,16
wildchat_12411,eval,wildchat,-1.2663900091070985,16
wildchat_12537,eval,wildchat,-1.2939852967619894,16
wildchat_13039,eval,wildchat,-0.040661434748202795,16
wildchat_1319,eval,wildchat,2.6126681873690605,14
wildchat_13426,eval,wildchat,-2.57579841092148,16
wildchat_13456,eval,wildchat,-0.6823005854884041,16
wildchat_13565,eval,wildchat,0.9660466645846819,16
wildchat_13591,eval,wildchat,2.1977704235752387,16
wildchat_13619,eval,wildchat,-3.01611717430996,16
wildchat_14002,eval,wildchat,1.4591302506911505,16
wildchat_1405,eval,wildchat,2.1381033494365616,16
wildchat_14106,eval,wildchat,-0.0212410070269511,16
wildchat_14282,eval,wildchat,0.9156233740204205,16
wildchat_14316,eval,wildchat,-0.029013364436063286,16
wildchat_14397,eval,wildchat,-0.4982604448385491,16
wildchat_14633,eval,wildchat,-0.12618935110399165,16
wildchat_15042,eval,wildchat,2.3586955444646645,16
wildchat_15540,eval,wildchat,-0.23954334273217673,16
wildchat_15636,eval,wildchat,-0.7860894035067022,16
wildchat_15710,eval,wildchat,-0.32852835520115353,16
wildchat_16490,eval,wildchat,2.6467209342971936,16
wildchat_1657,eval,wildchat,3.0600943340975917,16
wildchat_17573,eval,wildchat,3.531520275362943,16
wildchat_17629,eval,wildchat,2.2185431189239364,16
wildchat_18051,eval,wildchat,0.07922685140433165,16
wildchat_18137,eval,wildchat,-1.8311405384683428,16
wildchat_18186,eval,wildchat,0.8553153452333787,16
wildchat_18197,eval,wildchat,2.425192451367927,16
wildchat_18347,eval,wildchat,0.045626503550374405,16
wildchat_18411,eval,wildchat,1.419794216976195,16
wildchat_18689,eval,wildchat,-0.8596886307036246,16
wildchat_19334,eval,wildchat,-1.7066386741678625,16
wildchat_19692,eval,wildchat,-0.6105785356389272,16
wildchat_19697,eval,wildchat,-0.9831653015754254,16
wildchat_2018,eval,wildchat,2.500117196596626,16
wildchat_21114,eval,wildchat,-1.8524087458320528,16
wildchat_21394,eval,wildchat,2.517606796758528,16
wildchat_21476,eval,wildchat,2.4160748305057034,16
wildchat_21653,eval,wildchat,1.7307978267924353,16
wildchat_21684,eval,wildchat,-2.503833726750927,16
wildchat_22078,eval,wildchat,-3.304354411884981,16
wildchat_2220,eval,wildchat,4.067960080772205,16
wildchat_22230,eval,wildchat,0.9177744468326354,16
wildchat_22451,eval,wildchat,-0.5884407349141956,16
wildchat_2257,eval,wildchat,0.5398475486617108,16
wildchat_23064,eval,wildchat,1.356365315021484,16
wildchat_23094,eval,wildchat,3.1329881869264655,16
wildchat_23096,eval,wildchat,-1.3179704701784194,16
wildchat_233,eval,wildchat,1.1204820808661624,16
wildchat_23391,eval,wildchat,2.6697099675036333,16
wildchat_23428,eval,wildchat,3.7347777942793936,16
wildchat_23585,eval,wildchat,-1.7206705845964099,16
wildchat_24195,eval,wildchat,-1.9525812041642934,16
wildchat_24315,eval,wildchat,0.4166485304362858,16
wildchat_24670,eval,wildchat,2.2734103190662323,16
wildchat_2499,eval,wildchat,2.672270158505587,16
wildchat_25068,eval,wildchat,-2.4198076688931978,16
wildchat_25387,eval,wildchat,1.411901760964798,16
wildchat_26596,eval,wildchat,1.0264399336023236,16
wildchat_26639,eval,wildchat,0.25642753672615376,16
wildchat_27085,eval,wildchat,1.2616582636720914,16
wildchat_27326,eval,wildchat,1.0151071631431552,16
wildchat_28082,eval,wildchat,1.2655476218330084,16
wildchat_28202,eval,wildchat,0.4776482920903576,16
wildchat_28292,eval,wildchat,3.5080305772373417,16
wildchat_28362,eval,wildchat,1.480006199887429,16
wildchat_28431,eval,wildchat,1.4253578463334908,16
wildchat_28486,eval,wildchat,-2.095142267294176,14
wildchat_29271,eval,wildchat,0.7783619972517087,16
wildchat_29372,eval,wildchat,3.2869884712676263,16
wildchat_29517,eval,wildchat,-2.054713532631784,16
wildchat_29519,eval,wildchat,0.5948943746919522,16
wildchat_30115,eval,wildchat,1.2277579539861876,16
wildchat_30147,eval,wildchat,0.13938340981746533,16
wildchat_30317,eval,wildchat,0.8169802240456964,16
wildchat_30527,eval,wildchat,2.002415410674996,16
wildchat_31205,eval,wildchat,2.9293577075848685,16
wildchat_31334,eval,wildchat,-0.9872076948140717,16
wildchat_3163,eval,wildchat,-0.830310256825989,16
wildchat_32678,eval,wildchat,2.9264820034796437,16
wildchat_33464,eval,wildchat,0.7337168643175066,16
wildchat_33564,eval,wildchat,2.2694637902695085,16
wildchat_34045,eval,wildchat,1.931158069586645,16
wildchat_34321,eval,wildchat,-1.24575364494331,16
wildchat_34572,eval,wildchat,2.867965344290528,16
wildchat_35064,eval,wildchat,1.9314606435285127,16
wildchat_35136,eval,wildchat,2.604606006553973,16
wildchat_35261,eval,wildchat,-0.26929095730369235,16
wildchat_35314,eval,wildchat,0.5765942853963133,16
wildchat_35316,eval,wildchat,-0.5572961019945937,16
wildchat_36373,eval,wildchat,-2.0113987664608044,16
wildchat_36401,eval,wildchat,-0.4042221058318169,16
wildchat_36424,eval,wildchat,0.6484448446878524,16
wildchat_36516,eval,wildchat,-0.5273338772640898,16
wildchat_37021,eval,wildchat,0.8890745422887926,16
wildchat_37156,eval,wildchat,-0.23958225789361848,16
wildchat_37651,eval,wildchat,-1.0291319172079252,16
wildchat_38289,eval,wildchat,1.1100996849898954,16
wildchat_38299,eval,wildchat,1.926615552701029,16
wildchat_38421,eval,wildchat,0.5709188373612271,16
wildchat_39232,eval,wildchat,3.2002542042973143,16
wildchat_39322,eval,wildchat,2.3848601049460365,16
wildchat_40203,eval,wildchat,0.22315486282696304,16
wildchat_40501,eval,wildchat,-2.2257259023129965,16
wildchat_42123,eval,wildchat,-2.5650632842176666,16
wildchat_42280,eval,wildchat,-2.2056890728716105,16
wildchat_42374,eval,wildchat,0.1170905859124127,16
wildchat_42564,eval,wildchat,2.271930404337912,16
wildchat_43124,eval,wildchat,-1.0951112704192147,16
wildchat_43126,eval,wildchat,2.8341388583348297,16
wildchat_43292,eval,wildchat,1.017090729270351,16
wildchat_43385,eval,wildchat,-1.4526975223798415,16
wildchat_4413,eval,wildchat,2.6741745041139073,16
wildchat_44152,eval,wildchat,0.48270822868300584,16
wildchat_44158,eval,wildchat,0.7847159266092926,16
wildchat_44338,eval,wildchat,1.8140230625246978,16
wildchat_45002,eval,wildchat,-1.8861651722061692,16
wildchat_45075,eval,wildchat,-0.43872013420357037,16
wildchat_45564,eval,wildchat,-0.9110714208085507,16
wildchat_45655,eval,wildchat,-1.6531504649398197,16
wildchat_4570,eval,wildchat,0.7746058680753968,16
wildchat_46092,eval,wildchat,0.1420973811288784,16
wildchat_46187,eval,wildchat,2.604391011969346,16
wildchat_46188,eval,wildchat,1.5364763486501345,16
wildchat_4621,eval,wildchat,1.3877577345604688,16
wildchat_46257,eval,wildchat,1.8577987326740126,16
wildchat_4639,eval,wildchat,-0.031861801138613914,16
wildchat_46517,eval,wildchat,3.265905456444071,16
wildchat_47561,eval,wildchat,1.4120880893610863,16
wildchat_47586,eval,wildchat,2.1833402484016595,16
wildchat_48277,eval,wildchat,2.838135980115195,16
wildchat_48421,eval,wildchat,0.6726505510503665,16
wildchat_48623,eval,wildchat,2.433234770254134,16
wildchat_48633,eval,wildchat,1.3096617559258077,16
wildchat_49266,eval,wildchat,0.6260492653379125,16
wildchat_49330,eval,wildchat,4.108023480500962,16
wildchat_49339,eval,wildchat,0.08309380774357347,16
wildchat_49561,eval,wildchat,-0.6472669012658391,16
wildchat_50206,eval,wildchat,0.7899405985522776,16
wildchat_50363,eval,wildchat,3.222433858525795,16
wildchat_50469,eval,wildchat,-1.8138700634999556,16
wildchat_51520,eval,wildchat,-0.3332544756918304,16
wildchat_52059,eval,wildchat,1.6987430599705549,16
wildchat_52115,eval,wildchat,2.2613312982971565,16
wildchat_52554,eval,wildchat,3.2369126062855282,16
wildchat_53316,eval,wildchat,-0.5344977535512809,16
wildchat_53517,eval,wildchat,4.010621093249093,16
wildchat_5377,eval,wildchat,1.34184142906208,16
wildchat_5380,eval,wildchat,1.4150107673261003,16
wildchat_54286,eval,wildchat,0.4165778867244415,16
wildchat_54414,eval,wildchat,-0.974207001381567,16
wildchat_55171,eval,wildchat,1.517734471065973,16
wildchat_55379,eval,wildchat,0.44309993223748884,16
wildchat_55561,eval,wildchat,1.6084385148925149,16
wildchat_5587,eval,wildchat,4.240915546628649,16
wildchat_5592,eval,wildchat,-0.5352219813662005,16
wildchat_56456,eval,wildchat,-0.511748520751915,16
wildchat_5694,eval,wildchat,1.7637969204619635,16
wildchat_57109,eval,wildchat,-0.7824629157301518,16
wildchat_58493,eval,wildchat,1.3516437043566012,16
wildchat_59329,eval,wildchat,-1.0110897065833244,16
wildchat_59629,eval,wildchat,2.119499547001928,16
wildchat_61360,eval,wildchat,0.30111986038879257,16
wildchat_62361,eval,wildchat,1.7650519356191434,16
wildchat_62413,eval,wildchat,1.2151394826323354,16
wildchat_62668,eval,wildchat,-0.29972218255332805,16
wildchat_6270,eval,wildchat,0.43038346213922873,16
wildchat_6282,eval,wildchat,2.9772711420221945,16
wildchat_63034,eval,wildchat,0.2150207070390476,16
wildchat_63107,eval,wildchat,3.677834829242107,16
wildchat_63340,eval,wildchat,-1.8756559221381641,16
wildchat_63636,eval,wildchat,1.5502447383109532,16
wildchat_63672,eval,wildchat,-1.4783401052502663,16
wildchat_64052,eval,wildchat,2.053797650180426,16
wildchat_64224,eval,wildchat,3.501807286192334,16
wildchat_64230,eval,wildchat,2.5858432306573222,16
wildchat_64392,eval,wildchat,2.8031692200604907,16
wildchat_6457,eval,wildchat,-1.6100893841947463,16
wildchat_64653,eval,wildchat,-0.6901206459225727,16
wildchat_65333,eval,wildchat,-1.4455177524252407,16
wildchat_65339,eval,wildchat,-2.1608567101778475,16
wildchat_66201,eval,wildchat,1.2157238206365653,16
wildchat_66441,eval,wildchat,-2.364302921994459,16
wildchat_66461,eval,wildchat,0.6976686268823918,16
wildchat_67172,eval,wildchat,2.256273265049897,16
wildchat_67233,eval,wildchat,-2.8397976848888207,16
wildchat_68067,eval,wildchat,0.38000577998919,16
wildchat_68552,eval,wildchat,-3.0632961132393306,16
wildchat_68568,eval,wildchat,2.890957069743847,16
wildchat_70418,eval,wildchat,-0.08139736027423232,16
wildchat_7044,eval,wildchat,-0.7227319107088471,16
wildchat_70526,eval,wildchat,3.106640061905312,16
wildchat_71014,eval,wildchat,-0.24493117881850515,16
wildchat_71088,eval,wildchat,0.6623344734515285,16
wildchat_71109,eval,wildchat,3.1696713187414356,16
wildchat_71116,eval,wildchat,2.6239977321181454,16
wildchat_71247,eval,wildchat,0.5162240281294215,16
wildchat_71257,eval,wildchat,1.4133340328025328,16
wildchat_71294,eval,wildchat,0.14243966008526232,16
wildchat_71373,eval,wildchat,1.4148184783294733,16
wildchat_71472,eval,wildchat,2.948651677215193,16
wildchat_72040,eval,wildchat,5.003543971122753,16
wildchat_72065,eval,wildchat,1.8820542946325656,16
wildchat_72424,eval,wildchat,1.1509173329392883,16
wildchat_72663,eval,wildchat,1.082863307669411,16
wildchat_72678,eval,wildchat,2.3802188737022547,16
wildchat_7284,eval,wildchat,0.3685376090419384,16
wildchat_73048,eval,wildchat,0.7301640366846471,16
wildchat_74226,eval,wildchat,2.677337774573535,16
wildchat_74277,eval,wildchat,1.1263038051103338,16
wildchat_74522,eval,wildchat,4.520864419472785,16
wildchat_74555,eval,wildchat,2.6511492069236886,16
wildchat_75214,eval,wildchat,1.9286474812958585,16
wildchat_75226,eval,wildchat,-1.6067556342786262,16
wildchat_75273,eval,wildchat,3.4049531225143657,16
wildchat_7550,eval,wildchat,-1.4609001606333407,16
wildchat_76209,eval,wildchat,3.320180398665069,16
wildchat_76449,eval,wildchat,3.479719772401381,16
wildchat_7654,eval,wildchat,3.038811303544463,16
wildchat_76689,eval,wildchat,2.6302488392253944,16
wildchat_77027,eval,wildchat,2.5202067266968284,16
wildchat_77128,eval,wildchat,-3.267655641767057,16
wildchat_77568,eval,wildchat,1.9635198538212708,16
wildchat_79147,eval,wildchat,2.8458207385312178,16
wildchat_79158,eval,wildchat,0.5228723635873571,16
wildchat_79219,eval,wildchat,3.2560420168783515,16
wildchat_79328,eval,wildchat,0.3630941438148622,16
wildchat_79474,eval,wildchat,0.5620736881730621,16
wildchat_79528,eval,wildchat,0.1820934614862936,16
wildchat_79533,eval,wildchat,-0.5903846037880172,16
wildchat_79700,eval,wildchat,-1.0995277912273398,16
wildchat_8008,eval,wildchat,2.0775242865078947,16
wildchat_8217,eval,wildchat,0.4626292160107809,16
wildchat_8515,eval,wildchat,0.398569468171522,16
wildchat_9143,eval,wildchat,1.626570514749638,16
wildchat_9218,eval,wildchat,-2.524680466924462,16
wildchat_9433,eval,wildchat,2.3100781178335765,16
